[
{
  "model": "admin.logentry",
  "pk": 1,
  "fields": {
    "action_time": "2025-04-19T12:08:46.741Z",
    "user": 1,
    "content_type": 7,
    "object_id": "1",
    "object_repr": "Avaliable to take away",
    "action_flag": 1,
    "change_message": "[{\"added\": {}}]"
  }
},
{
  "model": "admin.logentry",
  "pk": 2,
  "fields": {
    "action_time": "2025-04-19T12:18:50.845Z",
    "user": 1,
    "content_type": 4,
    "object_id": "2",
    "object_repr": "MRC",
    "action_flag": 1,
    "change_message": "[{\"added\": {}}]"
  }
},
{
  "model": "admin.logentry",
  "pk": 3,
  "fields": {
    "action_time": "2025-04-19T12:19:00.038Z",
    "user": 1,
    "content_type": 9,
    "object_id": "1",
    "object_repr": "MRC",
    "action_flag": 1,
    "change_message": "[{\"added\": {}}]"
  }
},
{
  "model": "admin.logentry",
  "pk": 4,
  "fields": {
    "action_time": "2025-04-19T12:24:36.577Z",
    "user": 1,
    "content_type": 4,
    "object_id": "2",
    "object_repr": "MRC",
    "action_flag": 2,
    "change_message": "[{\"changed\": {\"fields\": [\"password\"]}}]"
  }
},
{
  "model": "admin.logentry",
  "pk": 5,
  "fields": {
    "action_time": "2025-04-19T12:24:59.085Z",
    "user": 1,
    "content_type": 4,
    "object_id": "2",
    "object_repr": "MRC",
    "action_flag": 2,
    "change_message": "[{\"changed\": {\"fields\": [\"password\"]}}]"
  }
},
{
  "model": "admin.logentry",
  "pk": 6,
  "fields": {
    "action_time": "2025-04-19T12:57:40.582Z",
    "user": 1,
    "content_type": 8,
    "object_id": "1",
    "object_repr": "Item object (1)",
    "action_flag": 1,
    "change_message": "[{\"added\": {}}]"
  }
},
{
  "model": "admin.logentry",
  "pk": 7,
  "fields": {
    "action_time": "2025-04-19T12:57:45.941Z",
    "user": 1,
    "content_type": 8,
    "object_id": "1",
    "object_repr": "Item object (1)",
    "action_flag": 2,
    "change_message": "[]"
  }
},
{
  "model": "admin.logentry",
  "pk": 8,
  "fields": {
    "action_time": "2025-04-19T12:57:58.259Z",
    "user": 1,
    "content_type": 8,
    "object_id": "2",
    "object_repr": "Item object (2)",
    "action_flag": 1,
    "change_message": "[{\"added\": {}}]"
  }
},
{
  "model": "admin.logentry",
  "pk": 9,
  "fields": {
    "action_time": "2025-04-20T18:10:15.923Z",
    "user": 1,
    "content_type": 7,
    "object_id": "2",
    "object_repr": "International Student Only",
    "action_flag": 1,
    "change_message": "[{\"added\": {}}]"
  }
},
{
  "model": "admin.logentry",
  "pk": 10,
  "fields": {
    "action_time": "2025-04-20T18:10:19.005Z",
    "user": 1,
    "content_type": 8,
    "object_id": "2",
    "object_repr": "Item object (2)",
    "action_flag": 2,
    "change_message": "[{\"changed\": {\"fields\": [\"Tags\"]}}]"
  }
},
{
  "model": "admin.logentry",
  "pk": 11,
  "fields": {
    "action_time": "2025-04-20T18:11:09.400Z",
    "user": 1,
    "content_type": 8,
    "object_id": "2",
    "object_repr": "Item object (2)",
    "action_flag": 2,
    "change_message": "[{\"changed\": {\"fields\": [\"Tags\"]}}]"
  }
},
{
  "model": "admin.logentry",
  "pk": 12,
  "fields": {
    "action_time": "2025-04-22T07:47:44.962Z",
    "user": 1,
    "content_type": 4,
    "object_id": "3",
    "object_repr": "LRC",
    "action_flag": 1,
    "change_message": "[{\"added\": {}}]"
  }
},
{
  "model": "admin.logentry",
  "pk": 13,
  "fields": {
    "action_time": "2025-04-22T07:47:47.476Z",
    "user": 1,
    "content_type": 9,
    "object_id": "2",
    "object_repr": "Learning Center",
    "action_flag": 1,
    "change_message": "[{\"added\": {}}]"
  }
},
{
  "model": "admin.logentry",
  "pk": 14,
  "fields": {
    "action_time": "2025-04-22T07:49:02.518Z",
    "user": 1,
    "content_type": 11,
    "object_id": "1",
    "object_repr": "Room object (1)",
    "action_flag": 1,
    "change_message": "[{\"added\": {}}]"
  }
},
{
  "model": "admin.logentry",
  "pk": 15,
  "fields": {
    "action_time": "2025-04-22T09:03:09.066Z",
    "user": 1,
    "content_type": 11,
    "object_id": "1",
    "object_repr": "Room B",
    "action_flag": 2,
    "change_message": "[]"
  }
},
{
  "model": "admin.logentry",
  "pk": 16,
  "fields": {
    "action_time": "2025-04-22T09:03:27.216Z",
    "user": 1,
    "content_type": 11,
    "object_id": "2",
    "object_repr": "Room C",
    "action_flag": 1,
    "change_message": "[{\"added\": {}}]"
  }
},
{
  "model": "admin.logentry",
  "pk": 17,
  "fields": {
    "action_time": "2025-04-22T09:13:07.144Z",
    "user": 1,
    "content_type": 11,
    "object_id": "2",
    "object_repr": "Room C",
    "action_flag": 2,
    "change_message": "[{\"changed\": {\"fields\": [\"Status\"]}}]"
  }
},
{
  "model": "admin.logentry",
  "pk": 18,
  "fields": {
    "action_time": "2025-04-22T09:17:57.623Z",
    "user": 1,
    "content_type": 8,
    "object_id": "2",
    "object_repr": "Item object (2)",
    "action_flag": 2,
    "change_message": "[{\"changed\": {\"fields\": [\"Status\"]}}]"
  }
},
{
  "model": "admin.logentry",
  "pk": 19,
  "fields": {
    "action_time": "2025-04-22T09:19:17.116Z",
    "user": 1,
    "content_type": 8,
    "object_id": "1",
    "object_repr": "Item object (1)",
    "action_flag": 2,
    "change_message": "[{\"changed\": {\"fields\": [\"Status\"]}}]"
  }
},
{
  "model": "admin.logentry",
  "pk": 20,
  "fields": {
    "action_time": "2025-04-25T07:08:40.528Z",
    "user": 1,
    "content_type": 4,
    "object_id": "5",
    "object_repr": "ISC",
    "action_flag": 1,
    "change_message": "[{\"added\": {}}]"
  }
},
{
  "model": "admin.logentry",
  "pk": 21,
  "fields": {
    "action_time": "2025-04-25T07:08:45.325Z",
    "user": 1,
    "content_type": 7,
    "object_id": "3",
    "object_repr": "Integrated Science Center",
    "action_flag": 1,
    "change_message": "[{\"added\": {}}]"
  }
},
{
  "model": "admin.logentry",
  "pk": 22,
  "fields": {
    "action_time": "2025-04-25T07:09:09.890Z",
    "user": 1,
    "content_type": 7,
    "object_id": "1",
    "object_repr": "Math Resource Center",
    "action_flag": 2,
    "change_message": "[{\"changed\": {\"fields\": [\"Name\"]}}]"
  }
},
{
  "model": "admin.logentry",
  "pk": 23,
  "fields": {
    "action_time": "2025-04-25T07:21:19.166Z",
    "user": 1,
    "content_type": 8,
    "object_id": "7",
    "object_repr": "Deposit required",
    "action_flag": 1,
    "change_message": "[{\"added\": {}}]"
  }
},
{
  "model": "admin.logentry",
  "pk": 24,
  "fields": {
    "action_time": "2025-04-25T07:22:45.778Z",
    "user": 1,
    "content_type": 9,
    "object_id": "10",
    "object_repr": "Calculator",
    "action_flag": 1,
    "change_message": "[{\"added\": {}}]"
  }
},
{
  "model": "admin.logentry",
  "pk": 25,
  "fields": {
    "action_time": "2025-04-25T07:30:00.159Z",
    "user": 4,
    "content_type": 9,
    "object_id": "11",
    "object_repr": "Desktop Computers",
    "action_flag": 1,
    "change_message": "[{\"added\": {}}]"
  }
},
{
  "model": "admin.logentry",
  "pk": 26,
  "fields": {
    "action_time": "2025-04-25T07:30:37.281Z",
    "user": 4,
    "content_type": 8,
    "object_id": "8",
    "object_repr": "Only for 1 day",
    "action_flag": 1,
    "change_message": "[{\"added\": {}}]"
  }
},
{
  "model": "admin.logentry",
  "pk": 27,
  "fields": {
    "action_time": "2025-04-25T07:30:49.319Z",
    "user": 4,
    "content_type": 9,
    "object_id": "12",
    "object_repr": "Calculators",
    "action_flag": 1,
    "change_message": "[{\"added\": {}}]"
  }
},
{
  "model": "admin.logentry",
  "pk": 28,
  "fields": {
    "action_time": "2025-04-25T07:31:32.020Z",
    "user": 1,
    "content_type": 7,
    "object_id": "3",
    "object_repr": "ISC",
    "action_flag": 2,
    "change_message": "[{\"changed\": {\"fields\": [\"Name\"]}}]"
  }
},
{
  "model": "admin.logentry",
  "pk": 29,
  "fields": {
    "action_time": "2025-04-25T07:31:55.256Z",
    "user": 1,
    "content_type": 7,
    "object_id": "2",
    "object_repr": "LC",
    "action_flag": 2,
    "change_message": "[{\"changed\": {\"fields\": [\"Name\"]}}]"
  }
},
{
  "model": "admin.logentry",
  "pk": 30,
  "fields": {
    "action_time": "2025-04-25T07:32:05.947Z",
    "user": 1,
    "content_type": 7,
    "object_id": "1",
    "object_repr": "MRC",
    "action_flag": 2,
    "change_message": "[{\"changed\": {\"fields\": [\"Name\"]}}]"
  }
},
{
  "model": "admin.logentry",
  "pk": 31,
  "fields": {
    "action_time": "2025-04-25T07:33:45.203Z",
    "user": 4,
    "content_type": 8,
    "object_id": "9",
    "object_repr": "In-center only",
    "action_flag": 1,
    "change_message": "[{\"added\": {}}]"
  }
},
{
  "model": "admin.logentry",
  "pk": 32,
  "fields": {
    "action_time": "2025-04-25T07:34:10.311Z",
    "user": 1,
    "content_type": 4,
    "object_id": "3",
    "object_repr": "LRC",
    "action_flag": 2,
    "change_message": "[{\"changed\": {\"fields\": [\"password\"]}}]"
  }
},
{
  "model": "admin.logentry",
  "pk": 33,
  "fields": {
    "action_time": "2025-04-25T07:34:21.160Z",
    "user": 1,
    "content_type": 4,
    "object_id": "3",
    "object_repr": "LC",
    "action_flag": 2,
    "change_message": "[{\"changed\": {\"fields\": [\"Username\"]}}]"
  }
},
{
  "model": "admin.logentry",
  "pk": 34,
  "fields": {
    "action_time": "2025-04-25T07:34:49.112Z",
    "user": 4,
    "content_type": 9,
    "object_id": "13",
    "object_repr": "Ipads with stylus",
    "action_flag": 1,
    "change_message": "[{\"added\": {}}]"
  }
},
{
  "model": "admin.logentry",
  "pk": 35,
  "fields": {
    "action_time": "2025-04-25T07:35:25.684Z",
    "user": 4,
    "content_type": 9,
    "object_id": "14",
    "object_repr": "Textbooks",
    "action_flag": 1,
    "change_message": "[{\"added\": {}}]"
  }
},
{
  "model": "admin.logentry",
  "pk": 36,
  "fields": {
    "action_time": "2025-04-25T07:36:37.762Z",
    "user": 4,
    "content_type": 9,
    "object_id": "15",
    "object_repr": "NC Headphones",
    "action_flag": 1,
    "change_message": "[{\"added\": {}}]"
  }
},
{
  "model": "admin.logentry",
  "pk": 37,
  "fields": {
    "action_time": "2025-04-25T07:37:19.265Z",
    "user": 4,
    "content_type": 9,
    "object_id": "16",
    "object_repr": "Anatomy sets",
    "action_flag": 1,
    "change_message": "[{\"added\": {}}]"
  }
},
{
  "model": "admin.logentry",
  "pk": 38,
  "fields": {
    "action_time": "2025-04-25T07:37:37.037Z",
    "user": 4,
    "content_type": 9,
    "object_id": "17",
    "object_repr": "Soldering kits",
    "action_flag": 1,
    "change_message": "[{\"added\": {}}]"
  }
},
{
  "model": "admin.logentry",
  "pk": 39,
  "fields": {
    "action_time": "2025-04-25T07:37:52.886Z",
    "user": 4,
    "content_type": 9,
    "object_id": "18",
    "object_repr": "Chemistry kits",
    "action_flag": 1,
    "change_message": "[{\"added\": {}}]"
  }
},
{
  "model": "admin.logentry",
  "pk": 40,
  "fields": {
    "action_time": "2025-04-25T07:38:28.196Z",
    "user": 4,
    "content_type": 9,
    "object_id": "19",
    "object_repr": "Refrigerator",
    "action_flag": 1,
    "change_message": "[{\"added\": {}}]"
  }
},
{
  "model": "admin.logentry",
  "pk": 41,
  "fields": {
    "action_time": "2025-04-25T07:38:52.005Z",
    "user": 4,
    "content_type": 9,
    "object_id": "20",
    "object_repr": "Microwave",
    "action_flag": 1,
    "change_message": "[{\"added\": {}}]"
  }
},
{
  "model": "admin.logentry",
  "pk": 42,
  "fields": {
    "action_time": "2025-04-25T07:39:24.743Z",
    "user": 4,
    "content_type": 8,
    "object_id": "10",
    "object_repr": "Food",
    "action_flag": 1,
    "change_message": "[{\"added\": {}}]"
  }
},
{
  "model": "admin.logentry",
  "pk": 43,
  "fields": {
    "action_time": "2025-04-25T07:39:31.164Z",
    "user": 4,
    "content_type": 9,
    "object_id": "20",
    "object_repr": "Microwave",
    "action_flag": 2,
    "change_message": "[{\"changed\": {\"fields\": [\"Tags\"]}}]"
  }
},
{
  "model": "admin.logentry",
  "pk": 44,
  "fields": {
    "action_time": "2025-04-25T07:39:48.937Z",
    "user": 4,
    "content_type": 9,
    "object_id": "19",
    "object_repr": "Refrigerator",
    "action_flag": 2,
    "change_message": "[{\"changed\": {\"fields\": [\"Tags\"]}}]"
  }
},
{
  "model": "admin.logentry",
  "pk": 45,
  "fields": {
    "action_time": "2025-04-25T07:40:11.031Z",
    "user": 4,
    "content_type": 8,
    "object_id": "11",
    "object_repr": "Free",
    "action_flag": 1,
    "change_message": "[{\"added\": {}}]"
  }
},
{
  "model": "admin.logentry",
  "pk": 46,
  "fields": {
    "action_time": "2025-04-25T07:40:18.172Z",
    "user": 4,
    "content_type": 9,
    "object_id": "21",
    "object_repr": "Coffee",
    "action_flag": 1,
    "change_message": "[{\"added\": {}}]"
  }
},
{
  "model": "admin.logentry",
  "pk": 47,
  "fields": {
    "action_time": "2025-04-25T07:40:37.179Z",
    "user": 4,
    "content_type": 9,
    "object_id": "22",
    "object_repr": "Tea",
    "action_flag": 1,
    "change_message": "[{\"added\": {}}]"
  }
},
{
  "model": "admin.logentry",
  "pk": 48,
  "fields": {
    "action_time": "2025-04-25T07:41:13.714Z",
    "user": 4,
    "content_type": 9,
    "object_id": "21",
    "object_repr": "Coffee",
    "action_flag": 2,
    "change_message": "[{\"changed\": {\"fields\": [\"Tags\"]}}]"
  }
},
{
  "model": "admin.logentry",
  "pk": 49,
  "fields": {
    "action_time": "2025-04-25T07:41:46.250Z",
    "user": 4,
    "content_type": 9,
    "object_id": "23",
    "object_repr": "Snacks",
    "action_flag": 1,
    "change_message": "[{\"added\": {}}]"
  }
},
{
  "model": "admin.logentry",
  "pk": 50,
  "fields": {
    "action_time": "2025-04-25T07:41:44.941Z",
    "user": 6,
    "content_type": 9,
    "object_id": "24",
    "object_repr": "PS5",
    "action_flag": 1,
    "change_message": "[{\"added\": {}}]"
  }
},
{
  "model": "admin.logentry",
  "pk": 51,
  "fields": {
    "action_time": "2025-04-25T07:42:04.999Z",
    "user": 4,
    "content_type": 9,
    "object_id": "25",
    "object_repr": "WEPA Printer",
    "action_flag": 1,
    "change_message": "[{\"added\": {}}]"
  }
},
{
  "model": "admin.logentry",
  "pk": 52,
  "fields": {
    "action_time": "2025-04-25T07:43:10.690Z",
    "user": 4,
    "content_type": 9,
    "object_id": "6",
    "object_repr": "Random",
    "action_flag": 3,
    "change_message": ""
  }
},
{
  "model": "admin.logentry",
  "pk": 53,
  "fields": {
    "action_time": "2025-04-25T07:43:28.297Z",
    "user": 4,
    "content_type": 9,
    "object_id": "2",
    "object_repr": "Paper",
    "action_flag": 2,
    "change_message": "[{\"changed\": {\"fields\": [\"Tags\"]}}]"
  }
},
{
  "model": "admin.logentry",
  "pk": 54,
  "fields": {
    "action_time": "2025-04-25T07:43:28.739Z",
    "user": 6,
    "content_type": 9,
    "object_id": "24",
    "object_repr": "PS5",
    "action_flag": 3,
    "change_message": ""
  }
},
{
  "model": "admin.logentry",
  "pk": 55,
  "fields": {
    "action_time": "2025-04-25T07:43:52.609Z",
    "user": 4,
    "content_type": 9,
    "object_id": "1",
    "object_repr": "White Board",
    "action_flag": 2,
    "change_message": "[{\"changed\": {\"fields\": [\"Tags\"]}}]"
  }
},
{
  "model": "admin.logentry",
  "pk": 56,
  "fields": {
    "action_time": "2025-04-25T07:46:04.663Z",
    "user": 4,
    "content_type": 9,
    "object_id": "9",
    "object_repr": "Matthew",
    "action_flag": 2,
    "change_message": "[{\"changed\": {\"fields\": [\"Tags\"]}}]"
  }
},
{
  "model": "admin.logentry",
  "pk": 57,
  "fields": {
    "action_time": "2025-04-25T07:47:42.428Z",
    "user": 4,
    "content_type": 9,
    "object_id": "2",
    "object_repr": "Paper",
    "action_flag": 2,
    "change_message": "[]"
  }
},
{
  "model": "admin.logentry",
  "pk": 58,
  "fields": {
    "action_time": "2025-04-25T07:48:46.041Z",
    "user": 4,
    "content_type": 9,
    "object_id": "26",
    "object_repr": "Software for statistics",
    "action_flag": 1,
    "change_message": "[{\"added\": {}}]"
  }
},
{
  "model": "admin.logentry",
  "pk": 59,
  "fields": {
    "action_time": "2025-04-25T07:50:18.546Z",
    "user": 4,
    "content_type": 9,
    "object_id": "27",
    "object_repr": "Calculators",
    "action_flag": 1,
    "change_message": "[{\"added\": {}}]"
  }
},
{
  "model": "admin.logentry",
  "pk": 60,
  "fields": {
    "action_time": "2025-04-25T07:53:25.966Z",
    "user": 4,
    "content_type": 9,
    "object_id": "27",
    "object_repr": "Calculators",
    "action_flag": 2,
    "change_message": "[]"
  }
},
{
  "model": "admin.logentry",
  "pk": 61,
  "fields": {
    "action_time": "2025-04-25T07:54:03.957Z",
    "user": 4,
    "content_type": 9,
    "object_id": "22",
    "object_repr": "Tea",
    "action_flag": 3,
    "change_message": ""
  }
},
{
  "model": "admin.logentry",
  "pk": 62,
  "fields": {
    "action_time": "2025-04-25T07:54:03.957Z",
    "user": 4,
    "content_type": 9,
    "object_id": "21",
    "object_repr": "Coffee",
    "action_flag": 3,
    "change_message": ""
  }
},
{
  "model": "admin.logentry",
  "pk": 63,
  "fields": {
    "action_time": "2025-04-25T07:55:28.369Z",
    "user": 4,
    "content_type": 9,
    "object_id": "28",
    "object_repr": "Coffee",
    "action_flag": 1,
    "change_message": "[{\"added\": {}}]"
  }
},
{
  "model": "admin.logentry",
  "pk": 64,
  "fields": {
    "action_time": "2025-04-25T07:55:49.550Z",
    "user": 4,
    "content_type": 9,
    "object_id": "29",
    "object_repr": "Tea",
    "action_flag": 1,
    "change_message": "[{\"added\": {}}]"
  }
},
{
  "model": "admin.logentry",
  "pk": 65,
  "fields": {
    "action_time": "2025-04-25T07:57:43.324Z",
    "user": 4,
    "content_type": 9,
    "object_id": "30",
    "object_repr": "Textbooks",
    "action_flag": 1,
    "change_message": "[{\"added\": {}}]"
  }
},
{
  "model": "admin.logentry",
  "pk": 66,
  "fields": {
    "action_time": "2025-04-25T08:04:53.063Z",
    "user": 4,
    "content_type": 9,
    "object_id": "31",
    "object_repr": "NC Headphones",
    "action_flag": 1,
    "change_message": "[{\"added\": {}}]"
  }
},
{
  "model": "admin.logentry",
  "pk": 67,
  "fields": {
    "action_time": "2025-04-25T08:05:12.140Z",
    "user": 4,
    "content_type": 9,
    "object_id": "32",
    "object_repr": "Calculators",
    "action_flag": 1,
    "change_message": "[{\"added\": {}}]"
  }
},
{
  "model": "admin.logentry",
  "pk": 68,
  "fields": {
    "action_time": "2025-04-25T08:06:38.853Z",
    "user": 4,
    "content_type": 9,
    "object_id": "33",
    "object_repr": "Software for statistics",
    "action_flag": 1,
    "change_message": "[{\"added\": {}}]"
  }
},
{
  "model": "admin.logentry",
  "pk": 69,
  "fields": {
    "action_time": "2025-04-25T08:07:43.055Z",
    "user": 4,
    "content_type": 9,
    "object_id": "34",
    "object_repr": "WEPA Printer",
    "action_flag": 1,
    "change_message": "[{\"added\": {}}]"
  }
},
{
  "model": "admin.logentry",
  "pk": 70,
  "fields": {
    "action_time": "2025-04-25T08:08:22.926Z",
    "user": 4,
    "content_type": 9,
    "object_id": "35",
    "object_repr": "NC Headphones",
    "action_flag": 1,
    "change_message": "[{\"added\": {}}]"
  }
},
{
  "model": "admin.logentry",
  "pk": 71,
  "fields": {
    "action_time": "2025-04-25T08:11:00.112Z",
    "user": 4,
    "content_type": 4,
    "object_id": "7",
    "object_repr": "Library",
    "action_flag": 1,
    "change_message": "[{\"added\": {}}]"
  }
},
{
  "model": "admin.logentry",
  "pk": 72,
  "fields": {
    "action_time": "2025-04-25T08:14:56.834Z",
    "user": 4,
    "content_type": 7,
    "object_id": "4",
    "object_repr": "CSM Library",
    "action_flag": 1,
    "change_message": "[{\"added\": {}}]"
  }
},
{
  "model": "admin.logentry",
  "pk": 73,
  "fields": {
    "action_time": "2025-04-25T08:15:27.889Z",
    "user": 4,
    "content_type": 9,
    "object_id": "36",
    "object_repr": "Thinkpads/Laptops",
    "action_flag": 1,
    "change_message": "[{\"added\": {}}]"
  }
},
{
  "model": "admin.logentry",
  "pk": 74,
  "fields": {
    "action_time": "2025-04-25T08:15:42.944Z",
    "user": 4,
    "content_type": 9,
    "object_id": "37",
    "object_repr": "Chromebooks",
    "action_flag": 1,
    "change_message": "[{\"added\": {}}]"
  }
},
{
  "model": "admin.logentry",
  "pk": 75,
  "fields": {
    "action_time": "2025-04-25T08:16:08.670Z",
    "user": 4,
    "content_type": 9,
    "object_id": "38",
    "object_repr": "Graphing calculators",
    "action_flag": 1,
    "change_message": "[{\"added\": {}}]"
  }
},
{
  "model": "admin.logentry",
  "pk": 76,
  "fields": {
    "action_time": "2025-04-25T08:16:37.251Z",
    "user": 4,
    "content_type": 9,
    "object_id": "39",
    "object_repr": "Hotspots",
    "action_flag": 1,
    "change_message": "[{\"added\": {}}]"
  }
},
{
  "model": "admin.logentry",
  "pk": 77,
  "fields": {
    "action_time": "2025-04-25T08:16:59.712Z",
    "user": 4,
    "content_type": 9,
    "object_id": "40",
    "object_repr": "Webcams",
    "action_flag": 1,
    "change_message": "[{\"added\": {}}]"
  }
},
{
  "model": "admin.logentry",
  "pk": 78,
  "fields": {
    "action_time": "2025-04-25T08:18:40.289Z",
    "user": 4,
    "content_type": 9,
    "object_id": "41",
    "object_repr": "Ipads",
    "action_flag": 1,
    "change_message": "[{\"added\": {}}]"
  }
},
{
  "model": "admin.logentry",
  "pk": 79,
  "fields": {
    "action_time": "2025-04-25T08:18:54.741Z",
    "user": 4,
    "content_type": 9,
    "object_id": "42",
    "object_repr": "Wacom Tablets",
    "action_flag": 1,
    "change_message": "[{\"added\": {}}]"
  }
},
{
  "model": "admin.logentry",
  "pk": 80,
  "fields": {
    "action_time": "2025-04-25T08:19:09.415Z",
    "user": 4,
    "content_type": 9,
    "object_id": "43",
    "object_repr": "Dragon Tablets",
    "action_flag": 1,
    "change_message": "[{\"added\": {}}]"
  }
},
{
  "model": "admin.logentry",
  "pk": 81,
  "fields": {
    "action_time": "2025-04-25T08:19:30.708Z",
    "user": 4,
    "content_type": 9,
    "object_id": "44",
    "object_repr": "Laptop chargers",
    "action_flag": 1,
    "change_message": "[{\"added\": {}}]"
  }
},
{
  "model": "admin.logentry",
  "pk": 82,
  "fields": {
    "action_time": "2025-04-25T08:21:31.298Z",
    "user": 4,
    "content_type": 9,
    "object_id": "44",
    "object_repr": "Laptop chargers",
    "action_flag": 3,
    "change_message": ""
  }
},
{
  "model": "admin.logentry",
  "pk": 83,
  "fields": {
    "action_time": "2025-04-25T08:22:59.694Z",
    "user": 4,
    "content_type": 9,
    "object_id": "14",
    "object_repr": "Textbooks",
    "action_flag": 2,
    "change_message": "[]"
  }
},
{
  "model": "admin.logentry",
  "pk": 84,
  "fields": {
    "action_time": "2025-04-25T08:23:15.791Z",
    "user": 4,
    "content_type": 9,
    "object_id": "45",
    "object_repr": "Textbooks",
    "action_flag": 1,
    "change_message": "[{\"added\": {}}]"
  }
},
{
  "model": "admin.logentry",
  "pk": 85,
  "fields": {
    "action_time": "2025-04-25T08:24:25.272Z",
    "user": 4,
    "content_type": 9,
    "object_id": "27",
    "object_repr": "Calculators",
    "action_flag": 2,
    "change_message": "[{\"changed\": {\"fields\": [\"Tags\"]}}]"
  }
},
{
  "model": "admin.logentry",
  "pk": 86,
  "fields": {
    "action_time": "2025-04-25T08:25:45.961Z",
    "user": 4,
    "content_type": 9,
    "object_id": "27",
    "object_repr": "Calculators",
    "action_flag": 2,
    "change_message": "[]"
  }
},
{
  "model": "admin.logentry",
  "pk": 87,
  "fields": {
    "action_time": "2025-04-25T08:26:08.380Z",
    "user": 4,
    "content_type": 9,
    "object_id": "2",
    "object_repr": "Paper",
    "action_flag": 2,
    "change_message": "[{\"changed\": {\"fields\": [\"Tags\"]}}]"
  }
},
{
  "model": "admin.logentry",
  "pk": 88,
  "fields": {
    "action_time": "2025-04-25T08:26:19.118Z",
    "user": 4,
    "content_type": 9,
    "object_id": "1",
    "object_repr": "White Board",
    "action_flag": 2,
    "change_message": "[{\"changed\": {\"fields\": [\"Tags\"]}}]"
  }
},
{
  "model": "admin.logentry",
  "pk": 89,
  "fields": {
    "action_time": "2025-04-25T08:26:59.546Z",
    "user": 4,
    "content_type": 9,
    "object_id": "1",
    "object_repr": "White Board",
    "action_flag": 2,
    "change_message": "[{\"changed\": {\"fields\": [\"Tags\"]}}]"
  }
},
{
  "model": "admin.logentry",
  "pk": 90,
  "fields": {
    "action_time": "2025-04-25T08:27:21.701Z",
    "user": 4,
    "content_type": 9,
    "object_id": "10",
    "object_repr": "Calculator",
    "action_flag": 2,
    "change_message": "[]"
  }
},
{
  "model": "admin.logentry",
  "pk": 91,
  "fields": {
    "action_time": "2025-04-25T08:27:33.253Z",
    "user": 4,
    "content_type": 9,
    "object_id": "10",
    "object_repr": "Calculator",
    "action_flag": 3,
    "change_message": ""
  }
},
{
  "model": "admin.logentry",
  "pk": 92,
  "fields": {
    "action_time": "2025-04-25T08:28:21.253Z",
    "user": 4,
    "content_type": 9,
    "object_id": "26",
    "object_repr": "Software for statistics",
    "action_flag": 2,
    "change_message": "[{\"changed\": {\"fields\": [\"Tags\"]}}]"
  }
},
{
  "model": "admin.logentry",
  "pk": 93,
  "fields": {
    "action_time": "2025-04-25T08:28:59.563Z",
    "user": 4,
    "content_type": 9,
    "object_id": "35",
    "object_repr": "NC Headphones",
    "action_flag": 2,
    "change_message": "[{\"changed\": {\"fields\": [\"Tags\"]}}]"
  }
},
{
  "model": "admin.logentry",
  "pk": 94,
  "fields": {
    "action_time": "2025-04-25T08:29:17.479Z",
    "user": 4,
    "content_type": 9,
    "object_id": "35",
    "object_repr": "NC Headphones",
    "action_flag": 2,
    "change_message": "[]"
  }
},
{
  "model": "admin.logentry",
  "pk": 95,
  "fields": {
    "action_time": "2025-04-25T08:33:45.183Z",
    "user": 4,
    "content_type": 8,
    "object_id": "5",
    "object_repr": "gay",
    "action_flag": 3,
    "change_message": ""
  }
},
{
  "model": "admin.logentry",
  "pk": 96,
  "fields": {
    "action_time": "2025-04-25T08:34:40.102Z",
    "user": 4,
    "content_type": 8,
    "object_id": "4",
    "object_repr": "Cool",
    "action_flag": 3,
    "change_message": ""
  }
},
{
  "model": "admin.logentry",
  "pk": 97,
  "fields": {
    "action_time": "2025-04-25T08:34:40.102Z",
    "user": 4,
    "content_type": 8,
    "object_id": "3",
    "object_repr": "Testing",
    "action_flag": 3,
    "change_message": ""
  }
},
{
  "model": "admin.logentry",
  "pk": 98,
  "fields": {
    "action_time": "2025-04-25T08:34:40.102Z",
    "user": 4,
    "content_type": 8,
    "object_id": "2",
    "object_repr": "International Student Only",
    "action_flag": 3,
    "change_message": ""
  }
},
{
  "model": "admin.logentry",
  "pk": 99,
  "fields": {
    "action_time": "2025-04-25T08:35:08.728Z",
    "user": 4,
    "content_type": 10,
    "object_id": "2",
    "object_repr": "Room C",
    "action_flag": 3,
    "change_message": ""
  }
},
{
  "model": "admin.logentry",
  "pk": 100,
  "fields": {
    "action_time": "2025-04-25T08:35:08.728Z",
    "user": 4,
    "content_type": 10,
    "object_id": "1",
    "object_repr": "Room B",
    "action_flag": 3,
    "change_message": ""
  }
},
{
  "model": "admin.logentry",
  "pk": 101,
  "fields": {
    "action_time": "2025-04-25T08:36:26.575Z",
    "user": 4,
    "content_type": 10,
    "object_id": "3",
    "object_repr": "B",
    "action_flag": 1,
    "change_message": "[{\"added\": {}}]"
  }
},
{
  "model": "admin.logentry",
  "pk": 102,
  "fields": {
    "action_time": "2025-04-25T08:36:40.330Z",
    "user": 4,
    "content_type": 10,
    "object_id": "4",
    "object_repr": "C",
    "action_flag": 1,
    "change_message": "[{\"added\": {}}]"
  }
},
{
  "model": "admin.logentry",
  "pk": 103,
  "fields": {
    "action_time": "2025-04-25T08:37:03.430Z",
    "user": 4,
    "content_type": 10,
    "object_id": "5",
    "object_repr": "E",
    "action_flag": 1,
    "change_message": "[{\"added\": {}}]"
  }
},
{
  "model": "admin.logentry",
  "pk": 104,
  "fields": {
    "action_time": "2025-04-25T08:37:45.318Z",
    "user": 4,
    "content_type": 10,
    "object_id": "6",
    "object_repr": "M",
    "action_flag": 1,
    "change_message": "[{\"added\": {}}]"
  }
},
{
  "model": "admin.logentry",
  "pk": 105,
  "fields": {
    "action_time": "2025-04-25T08:41:48.500Z",
    "user": 4,
    "content_type": 10,
    "object_id": "7",
    "object_repr": "Group study room",
    "action_flag": 1,
    "change_message": "[{\"added\": {}}]"
  }
},
{
  "model": "admin.logentry",
  "pk": 106,
  "fields": {
    "action_time": "2025-04-25T10:41:29.198Z",
    "user": 6,
    "content_type": 9,
    "object_id": "9",
    "object_repr": "Matthew",
    "action_flag": 3,
    "change_message": ""
  }
},
{
  "model": "auth.permission",
  "pk": 1,
  "fields": {
    "name": "Can add log entry",
    "content_type": 1,
    "codename": "add_logentry"
  }
},
{
  "model": "auth.permission",
  "pk": 2,
  "fields": {
    "name": "Can change log entry",
    "content_type": 1,
    "codename": "change_logentry"
  }
},
{
  "model": "auth.permission",
  "pk": 3,
  "fields": {
    "name": "Can delete log entry",
    "content_type": 1,
    "codename": "delete_logentry"
  }
},
{
  "model": "auth.permission",
  "pk": 4,
  "fields": {
    "name": "Can view log entry",
    "content_type": 1,
    "codename": "view_logentry"
  }
},
{
  "model": "auth.permission",
  "pk": 5,
  "fields": {
    "name": "Can add permission",
    "content_type": 2,
    "codename": "add_permission"
  }
},
{
  "model": "auth.permission",
  "pk": 6,
  "fields": {
    "name": "Can change permission",
    "content_type": 2,
    "codename": "change_permission"
  }
},
{
  "model": "auth.permission",
  "pk": 7,
  "fields": {
    "name": "Can delete permission",
    "content_type": 2,
    "codename": "delete_permission"
  }
},
{
  "model": "auth.permission",
  "pk": 8,
  "fields": {
    "name": "Can view permission",
    "content_type": 2,
    "codename": "view_permission"
  }
},
{
  "model": "auth.permission",
  "pk": 9,
  "fields": {
    "name": "Can add group",
    "content_type": 3,
    "codename": "add_group"
  }
},
{
  "model": "auth.permission",
  "pk": 10,
  "fields": {
    "name": "Can change group",
    "content_type": 3,
    "codename": "change_group"
  }
},
{
  "model": "auth.permission",
  "pk": 11,
  "fields": {
    "name": "Can delete group",
    "content_type": 3,
    "codename": "delete_group"
  }
},
{
  "model": "auth.permission",
  "pk": 12,
  "fields": {
    "name": "Can view group",
    "content_type": 3,
    "codename": "view_group"
  }
},
{
  "model": "auth.permission",
  "pk": 13,
  "fields": {
    "name": "Can add user",
    "content_type": 4,
    "codename": "add_user"
  }
},
{
  "model": "auth.permission",
  "pk": 14,
  "fields": {
    "name": "Can change user",
    "content_type": 4,
    "codename": "change_user"
  }
},
{
  "model": "auth.permission",
  "pk": 15,
  "fields": {
    "name": "Can delete user",
    "content_type": 4,
    "codename": "delete_user"
  }
},
{
  "model": "auth.permission",
  "pk": 16,
  "fields": {
    "name": "Can view user",
    "content_type": 4,
    "codename": "view_user"
  }
},
{
  "model": "auth.permission",
  "pk": 17,
  "fields": {
    "name": "Can add content type",
    "content_type": 5,
    "codename": "add_contenttype"
  }
},
{
  "model": "auth.permission",
  "pk": 18,
  "fields": {
    "name": "Can change content type",
    "content_type": 5,
    "codename": "change_contenttype"
  }
},
{
  "model": "auth.permission",
  "pk": 19,
  "fields": {
    "name": "Can delete content type",
    "content_type": 5,
    "codename": "delete_contenttype"
  }
},
{
  "model": "auth.permission",
  "pk": 20,
  "fields": {
    "name": "Can view content type",
    "content_type": 5,
    "codename": "view_contenttype"
  }
},
{
  "model": "auth.permission",
  "pk": 21,
  "fields": {
    "name": "Can add session",
    "content_type": 6,
    "codename": "add_session"
  }
},
{
  "model": "auth.permission",
  "pk": 22,
  "fields": {
    "name": "Can change session",
    "content_type": 6,
    "codename": "change_session"
  }
},
{
  "model": "auth.permission",
  "pk": 23,
  "fields": {
    "name": "Can delete session",
    "content_type": 6,
    "codename": "delete_session"
  }
},
{
  "model": "auth.permission",
  "pk": 24,
  "fields": {
    "name": "Can view session",
    "content_type": 6,
    "codename": "view_session"
  }
},
{
  "model": "auth.permission",
  "pk": 25,
  "fields": {
    "name": "Can add tag",
    "content_type": 7,
    "codename": "add_tag"
  }
},
{
  "model": "auth.permission",
  "pk": 26,
  "fields": {
    "name": "Can change tag",
    "content_type": 7,
    "codename": "change_tag"
  }
},
{
  "model": "auth.permission",
  "pk": 27,
  "fields": {
    "name": "Can delete tag",
    "content_type": 7,
    "codename": "delete_tag"
  }
},
{
  "model": "auth.permission",
  "pk": 28,
  "fields": {
    "name": "Can view tag",
    "content_type": 7,
    "codename": "view_tag"
  }
},
{
  "model": "auth.permission",
  "pk": 29,
  "fields": {
    "name": "Can add item",
    "content_type": 8,
    "codename": "add_item"
  }
},
{
  "model": "auth.permission",
  "pk": 30,
  "fields": {
    "name": "Can change item",
    "content_type": 8,
    "codename": "change_item"
  }
},
{
  "model": "auth.permission",
  "pk": 31,
  "fields": {
    "name": "Can delete item",
    "content_type": 8,
    "codename": "delete_item"
  }
},
{
  "model": "auth.permission",
  "pk": 32,
  "fields": {
    "name": "Can view item",
    "content_type": 8,
    "codename": "view_item"
  }
},
{
  "model": "auth.permission",
  "pk": 33,
  "fields": {
    "name": "Can add center",
    "content_type": 9,
    "codename": "add_center"
  }
},
{
  "model": "auth.permission",
  "pk": 34,
  "fields": {
    "name": "Can change center",
    "content_type": 9,
    "codename": "change_center"
  }
},
{
  "model": "auth.permission",
  "pk": 35,
  "fields": {
    "name": "Can delete center",
    "content_type": 9,
    "codename": "delete_center"
  }
},
{
  "model": "auth.permission",
  "pk": 36,
  "fields": {
    "name": "Can view center",
    "content_type": 9,
    "codename": "view_center"
  }
},
{
  "model": "auth.permission",
  "pk": 37,
  "fields": {
    "name": "Can add tutoring daily schedule",
    "content_type": 10,
    "codename": "add_tutoringdailyschedule"
  }
},
{
  "model": "auth.permission",
  "pk": 38,
  "fields": {
    "name": "Can change tutoring daily schedule",
    "content_type": 10,
    "codename": "change_tutoringdailyschedule"
  }
},
{
  "model": "auth.permission",
  "pk": 39,
  "fields": {
    "name": "Can delete tutoring daily schedule",
    "content_type": 10,
    "codename": "delete_tutoringdailyschedule"
  }
},
{
  "model": "auth.permission",
  "pk": 40,
  "fields": {
    "name": "Can view tutoring daily schedule",
    "content_type": 10,
    "codename": "view_tutoringdailyschedule"
  }
},
{
  "model": "auth.permission",
  "pk": 41,
  "fields": {
    "name": "Can add room",
    "content_type": 11,
    "codename": "add_room"
  }
},
{
  "model": "auth.permission",
  "pk": 42,
  "fields": {
    "name": "Can change room",
    "content_type": 11,
    "codename": "change_room"
  }
},
{
  "model": "auth.permission",
  "pk": 43,
  "fields": {
    "name": "Can delete room",
    "content_type": 11,
    "codename": "delete_room"
  }
},
{
  "model": "auth.permission",
  "pk": 44,
  "fields": {
    "name": "Can view room",
    "content_type": 11,
    "codename": "view_room"
  }
},
{
  "model": "auth.permission",
  "pk": 45,
  "fields": {
    "name": "Can add club info",
    "content_type": 12,
    "codename": "add_clubinfo"
  }
},
{
  "model": "auth.permission",
  "pk": 46,
  "fields": {
    "name": "Can change club info",
    "content_type": 12,
    "codename": "change_clubinfo"
  }
},
{
  "model": "auth.permission",
  "pk": 47,
  "fields": {
    "name": "Can delete club info",
    "content_type": 12,
    "codename": "delete_clubinfo"
  }
},
{
  "model": "auth.permission",
  "pk": 48,
  "fields": {
    "name": "Can view club info",
    "content_type": 12,
    "codename": "view_clubinfo"
  }
},
{
  "model": "auth.permission",
  "pk": 49,
  "fields": {
    "name": "Can add center",
    "content_type": 7,
    "codename": "add_center"
  }
},
{
  "model": "auth.permission",
  "pk": 50,
  "fields": {
    "name": "Can change center",
    "content_type": 7,
    "codename": "change_center"
  }
},
{
  "model": "auth.permission",
  "pk": 51,
  "fields": {
    "name": "Can delete center",
    "content_type": 7,
    "codename": "delete_center"
  }
},
{
  "model": "auth.permission",
  "pk": 52,
  "fields": {
    "name": "Can view center",
    "content_type": 7,
    "codename": "view_center"
  }
},
{
  "model": "auth.permission",
  "pk": 53,
  "fields": {
    "name": "Can add tag",
    "content_type": 8,
    "codename": "add_tag"
  }
},
{
  "model": "auth.permission",
  "pk": 54,
  "fields": {
    "name": "Can change tag",
    "content_type": 8,
    "codename": "change_tag"
  }
},
{
  "model": "auth.permission",
  "pk": 55,
  "fields": {
    "name": "Can delete tag",
    "content_type": 8,
    "codename": "delete_tag"
  }
},
{
  "model": "auth.permission",
  "pk": 56,
  "fields": {
    "name": "Can view tag",
    "content_type": 8,
    "codename": "view_tag"
  }
},
{
  "model": "auth.permission",
  "pk": 57,
  "fields": {
    "name": "Can add item",
    "content_type": 9,
    "codename": "add_item"
  }
},
{
  "model": "auth.permission",
  "pk": 58,
  "fields": {
    "name": "Can change item",
    "content_type": 9,
    "codename": "change_item"
  }
},
{
  "model": "auth.permission",
  "pk": 59,
  "fields": {
    "name": "Can delete item",
    "content_type": 9,
    "codename": "delete_item"
  }
},
{
  "model": "auth.permission",
  "pk": 60,
  "fields": {
    "name": "Can view item",
    "content_type": 9,
    "codename": "view_item"
  }
},
{
  "model": "auth.permission",
  "pk": 61,
  "fields": {
    "name": "Can add room",
    "content_type": 10,
    "codename": "add_room"
  }
},
{
  "model": "auth.permission",
  "pk": 62,
  "fields": {
    "name": "Can change room",
    "content_type": 10,
    "codename": "change_room"
  }
},
{
  "model": "auth.permission",
  "pk": 63,
  "fields": {
    "name": "Can delete room",
    "content_type": 10,
    "codename": "delete_room"
  }
},
{
  "model": "auth.permission",
  "pk": 64,
  "fields": {
    "name": "Can view room",
    "content_type": 10,
    "codename": "view_room"
  }
},
{
  "model": "auth.permission",
  "pk": 65,
  "fields": {
    "name": "Can add tutoring daily schedule",
    "content_type": 11,
    "codename": "add_tutoringdailyschedule"
  }
},
{
  "model": "auth.permission",
  "pk": 66,
  "fields": {
    "name": "Can change tutoring daily schedule",
    "content_type": 11,
    "codename": "change_tutoringdailyschedule"
  }
},
{
  "model": "auth.permission",
  "pk": 67,
  "fields": {
    "name": "Can delete tutoring daily schedule",
    "content_type": 11,
    "codename": "delete_tutoringdailyschedule"
  }
},
{
  "model": "auth.permission",
  "pk": 68,
  "fields": {
    "name": "Can view tutoring daily schedule",
    "content_type": 11,
    "codename": "view_tutoringdailyschedule"
  }
},
{
  "model": "auth.user",
  "pk": 1,
  "fields": {
    "password": "pbkdf2_sha256$1000000$NoLF1yd1kb5HnOKr1t1qou$BpwDzFxsVi2SH0WD+JHhrygFhEqclfoTGbg8W0F040c=",
    "last_login": "2025-07-29T10:13:02.811Z",
    "is_superuser": true,
    "username": "liyixin",
    "first_name": "",
    "last_name": "",
    "email": "slimebathtub@gmail.com",
    "is_staff": true,
    "is_active": true,
    "date_joined": "2025-04-19T12:04:06.010Z",
    "groups": [],
    "user_permissions": []
  }
},
{
  "model": "auth.user",
  "pk": 2,
  "fields": {
    "password": "pbkdf2_sha256$1000000$JVxZofZUzMAru8nkViwJzt$D+8x7OCEfLuRftvYPWJCAlhXle5FQLllGoeq0wsy9Rc=",
    "last_login": "2025-07-30T20:49:57.241Z",
    "is_superuser": false,
    "username": "MRC",
    "first_name": "",
    "last_name": "",
    "email": "",
    "is_staff": false,
    "is_active": true,
    "date_joined": "2025-04-19T12:18:50.466Z",
    "groups": [],
    "user_permissions": []
  }
},
{
  "model": "auth.user",
  "pk": 3,
  "fields": {
    "password": "pbkdf2_sha256$1000000$0kl3uFd7QMdlfS2sUb7zp1$YrSbPmcOo/ILYyp4FYbadAQVKvlyPcwVBUpPWC8+p74=",
    "last_login": "2025-04-25T14:07:50.254Z",
    "is_superuser": false,
    "username": "LC",
    "first_name": "",
    "last_name": "",
    "email": "",
    "is_staff": false,
    "is_active": true,
    "date_joined": "2025-04-22T07:47:44Z",
    "groups": [],
    "user_permissions": []
  }
},
{
  "model": "auth.user",
  "pk": 4,
  "fields": {
    "password": "pbkdf2_sha256$1000000$xsugtrSUhO893B7Afkq8XZ$dJwsvUHvaBhVeNVO5dw3/CjswNCIM5m3t4TNVk63btc=",
    "last_login": "2025-04-25T08:58:30.382Z",
    "is_superuser": true,
    "username": "kirill",
    "first_name": "",
    "last_name": "",
    "email": "",
    "is_staff": true,
    "is_active": true,
    "date_joined": "2025-04-25T06:59:46.444Z",
    "groups": [],
    "user_permissions": []
  }
},
{
  "model": "auth.user",
  "pk": 5,
  "fields": {
    "password": "pbkdf2_sha256$1000000$tAcvN2Fw9120pkp8WBnPql$B5VMKMl1nmaFnGsX5Ra0XGfuicz5BTNA2O3eSyM9mDE=",
    "last_login": "2025-07-30T04:59:03.092Z",
    "is_superuser": false,
    "username": "ISC",
    "first_name": "",
    "last_name": "",
    "email": "",
    "is_staff": false,
    "is_active": true,
    "date_joined": "2025-04-25T07:08:39.852Z",
    "groups": [],
    "user_permissions": []
  }
},
{
  "model": "auth.user",
  "pk": 6,
  "fields": {
    "password": "pbkdf2_sha256$1000000$lKyxrgXAsKsCVckPDHw2Q3$3tHlwunwkNGAixfdt0mp92jm5rnPIVdRjS30oZ97jWU=",
    "last_login": "2025-04-25T07:39:59.397Z",
    "is_superuser": true,
    "username": "edgar",
    "first_name": "",
    "last_name": "",
    "email": "",
    "is_staff": true,
    "is_active": true,
    "date_joined": "2025-04-25T07:36:11.213Z",
    "groups": [],
    "user_permissions": []
  }
},
{
  "model": "auth.user",
  "pk": 7,
  "fields": {
    "password": "pbkdf2_sha256$1000000$L1MIwMdSyVr1s1DwLLTdzA$XWrMiE8wWelgO+LbL3Cvie6jO0BMXMFcJz+FJN3Omqc=",
    "last_login": null,
    "is_superuser": false,
    "username": "Library",
    "first_name": "",
    "last_name": "",
    "email": "",
    "is_staff": false,
    "is_active": true,
    "date_joined": "2025-04-25T08:10:59.496Z",
    "groups": [],
    "user_permissions": []
  }
},
{
  "model": "contenttypes.contenttype",
  "pk": 1,
  "fields": {
    "app_label": "admin",
    "model": "logentry"
  }
},
{
  "model": "contenttypes.contenttype",
  "pk": 2,
  "fields": {
    "app_label": "auth",
    "model": "permission"
  }
},
{
  "model": "contenttypes.contenttype",
  "pk": 3,
  "fields": {
    "app_label": "auth",
    "model": "group"
  }
},
{
  "model": "contenttypes.contenttype",
  "pk": 4,
  "fields": {
    "app_label": "auth",
    "model": "user"
  }
},
{
  "model": "contenttypes.contenttype",
  "pk": 5,
  "fields": {
    "app_label": "contenttypes",
    "model": "contenttype"
  }
},
{
  "model": "contenttypes.contenttype",
  "pk": 6,
  "fields": {
    "app_label": "sessions",
    "model": "session"
  }
},
{
  "model": "contenttypes.contenttype",
  "pk": 7,
  "fields": {
    "app_label": "core",
    "model": "center"
  }
},
{
  "model": "contenttypes.contenttype",
  "pk": 8,
  "fields": {
    "app_label": "resources",
    "model": "tag"
  }
},
{
  "model": "contenttypes.contenttype",
  "pk": 9,
  "fields": {
    "app_label": "resources",
    "model": "item"
  }
},
{
  "model": "contenttypes.contenttype",
  "pk": 10,
  "fields": {
    "app_label": "rooms",
    "model": "room"
  }
},
{
  "model": "contenttypes.contenttype",
  "pk": 11,
  "fields": {
    "app_label": "tutoring",
    "model": "tutoringdailyschedule"
  }
},
{
  "model": "contenttypes.contenttype",
  "pk": 12,
  "fields": {
    "app_label": "clubs",
    "model": "clubinfo"
  }
},
{
  "model": "sessions.session",
  "pk": "0zpvp7979aoio7pri7288m4e77w1lzb7",
  "fields": {
    "session_data": ".eJxVjEEOwiAQRe_C2hBgqBSX7nsGMgODVA0kpV0Z765NutDtf-_9lwi4rSVsnZcwJ3ERVpx-N8L44LqDdMd6azK2ui4zyV2RB-1yaomf18P9OyjYy7c2yjLgMOqc2VM0lpJigwYteGI3MJ2jMpA4agLvgCw4RT5bM6IHHcX7A_a3OCA:1u8DKT:1DjkjhonaKh4XNSvHWaw4PsYJ7J3vfQhLsH9GZ_aQAw",
    "expire_date": "2025-05-09T07:18:33.068Z"
  }
},
{
  "model": "sessions.session",
  "pk": "3ne5aawyeo4ftbaggsyvb2hp5o0o6t5v",
  "fields": {
    "session_data": ".eJxVjDsOAiEUAO9CbQjI39LeMxAe7yGrBpJltzLe3ZBsoe3MZN4spn2rcR-0xgXZhUl2-mWQ8pPaFPhI7d557m1bF-Az4Ycd_NaRXtej_RvUNOrcopfB-iBCRmWwFLJGy4zki8lndE4FQxagCNAeUKIqKQgNwdmiyRv2-QLunzhY:1u78Jk:4VC9bmW3v8D9MYzynNcJu477VLreMGTP_5jX_UspD4c",
    "expire_date": "2025-05-06T07:45:20.637Z"
  }
},
{
  "model": "sessions.session",
  "pk": "4vjwvuz8e25tz19f8h5fwzzrtphvlagt",
  "fields": {
    "session_data": ".eJxVjLsOAiEUBf-F2hDeD0t7v4FwLyCrBpJltzL-u5Jsoe2ZmfMiIe5bDfvIa1gSORNBTr8bRHzkNkG6x3brFHvb1gXoVOhBB732lJ-Xw_07qHHUWRc0GngBQCeFK9oD99qj8tJ6w9BKHplAZ0wGVAWcYjpb7xB1EV-JvD_tVDfB:1u9tHC:qTZcCUgW0fMG-OB4OsiaknlElru8Oavv_eMbzHlaHGI",
    "expire_date": "2025-05-13T22:18:06.523Z"
  }
},
{
  "model": "sessions.session",
  "pk": "7q62vrp9eq4ny6byct5yan81c4mvt4ir",
  "fields": {
    "session_data": ".eJxVjDsOAiEUAO9CbQjI39LeMxAe7yGrBpJltzLe3ZBsoe3MZN4spn2rcR-0xgXZhUl2-mWQ8pPaFPhI7d557m1bF-Az4Ycd_NaRXtej_RvUNOrcopfB-iBCRmWwFLJGy4zki8lndE4FQxagCNAeUKIqKQgNwdmiyRv2-QLunzhY:1u7pQm:LVXBIHgWNZUzBgNoic213XFT7muBN_E8Sw8_VNQkFco",
    "expire_date": "2025-05-08T05:47:28.142Z"
  }
},
{
  "model": "sessions.session",
  "pk": "ai1ejgye7bq5iaaic4zvidnbfc1xmfgd",
  "fields": {
    "session_data": ".eJxVjDsOwjAQBe_iGlnGv6wp6XMGazdr4wCypTipEHeHSCmgfTPzXiLitpa49bTEmcVFOHH63QinR6o74DvWW5NTq-syk9wVedAux8bpeT3cv4OCvXxr0gEILJ2DI9COsx6UCpTT4E2wrHWwoNh4CuQZfDYIgMkl4y07IBLvD8-NN5c:1ugyu7:TtDV_qhC4NJDM9Z4ud5yzTDh5KlAs0Jyb2f_PnmwAus",
    "expire_date": "2025-08-13T04:59:03.410Z"
  }
},
{
  "model": "sessions.session",
  "pk": "bu6334l1wpile0rgt9bwa54lq3bb5eyb",
  "fields": {
    "session_data": ".eJxVjEEOwiAQRe_C2hCggNSle89AZoZBqgaS0q6Md7dNutDtf-_9t4iwLiWunec4JXERTpx-NwR6ct1BekC9N0mtLvOEclfkQbu8tcSv6-H-HRToZavRE1gXAmliyzhwUjpbDM4ZZT0QATOkwY8eB8BNy2QUqbODZCjrUXy-Dzg5Cw:1u9TsE:wl-4QAT5odHgCFdVF2W7HlAlQ7f3PVCxpqByJFa2jnY",
    "expire_date": "2025-05-12T19:10:38.470Z"
  }
},
{
  "model": "sessions.session",
  "pk": "ez6a341ll0mu9i0doop1dgu2nsmefkya",
  "fields": {
    "session_data": ".eJxVjDsOwjAQBe_iGllr_NmYkj5nsHb9wQHkSHFSIe4OkVJA-2bmvUSgba1h63kJUxIXocTpd2OKj9x2kO7UbrOMc1uXieWuyIN2Oc4pP6-H-3dQqddvDWCjQq-K9Y4sskuofCxaQ0QCYK0ogQV0MZlSkNU568EwIpuBEIt4fwDGyDds:1u9tG0:n5MhYh074prLpXhvYpmpWSJr-oJXsU4Kjb6ELVgCVhY",
    "expire_date": "2025-05-13T22:16:52.971Z"
  }
},
{
  "model": "sessions.session",
  "pk": "jpyaenmwhpbfmde0hd90lk2ybxe27m1f",
  "fields": {
    "session_data": ".eJxVjEEOwiAQRe_C2hBgqBSX7nsGMgODVA0kpV0Z765NutDtf-_9lwi4rSVsnZcwJ3ERVpx-N8L44LqDdMd6azK2ui4zyV2RB-1yaomf18P9OyjYy7c2yjLgMOqc2VM0lpJigwYteGI3MJ2jMpA4agLvgCw4RT5bM6IHHcX7A_a3OCA:1u8DKQ:SZ0y5IH9S9exgbDO05F0-rV5LtUTRINjSqv48B2_puE",
    "expire_date": "2025-05-09T07:18:30.524Z"
  }
},
{
  "model": "sessions.session",
  "pk": "myqfcyioxzwegxad0j94ntw8iyqzonwx",
  "fields": {
    "session_data": ".eJxVjMsOwiAQRf-FtSG8KS7d-w1kGAapGkhKuzL-uzbpQrf3nHNfLMK21rgNWuKc2ZkpdvrdEuCD2g7yHdqtc-xtXebEd4UfdPBrz_S8HO7fQYVRv3UhL00RuiAlD5MCQiSS1gidJvBOBe-Ss0oEmaWGYAMW640D0IQWC3t_AP1qOGY:1u8KqO:duJC116DAPgeRbf74mImuQVb-Ao9ZWDSB9qEGcq7IJo",
    "expire_date": "2025-05-09T15:20:00.294Z"
  }
},
{
  "model": "sessions.session",
  "pk": "owjyiwoqvr8630g9398jwtvl5c99t1ri",
  "fields": {
    "session_data": ".eJxVjEEOwiAQRe_C2hBgqBSX7nsGMgODVA0kpV0Z765NutDtf-_9lwi4rSVsnZcwJ3ERVpx-N8L44LqDdMd6azK2ui4zyV2RB-1yaomf18P9OyjYy7c2yjLgMOqc2VM0lpJigwYteGI3MJ2jMpA4agLvgCw4RT5bM6IHHcX7A_a3OCA:1u8DKP:0rYxA2siuMDcbWwBaoqZzzfR-v8ho3hzU9xtSA88C2E",
    "expire_date": "2025-05-09T07:18:29.119Z"
  }
},
{
  "model": "sessions.session",
  "pk": "reoro7h688hxk46g1z1i7mqvyicuxkpn",
  "fields": {
    "session_data": ".eJxVjEEOwiAQRe_C2hBgqBSX7nsGMgODVA0kpV0Z765NutDtf-_9lwi4rSVsnZcwJ3ERVpx-N8L44LqDdMd6azK2ui4zyV2RB-1yaomf18P9OyjYy7c2yjLgMOqc2VM0lpJigwYteGI3MJ2jMpA4agLvgCw4RT5bM6IHHcX7A_a3OCA:1u8DKT:1DjkjhonaKh4XNSvHWaw4PsYJ7J3vfQhLsH9GZ_aQAw",
    "expire_date": "2025-05-09T07:18:33.284Z"
  }
},
{
  "model": "sessions.session",
  "pk": "rr3lqswkx35p5ueqnwcrpe3kcce5gu4j",
  "fields": {
    "session_data": ".eJxVjMsOwiAQRf-FtSG8KS7d-w1kGAapGkhKuzL-uzbpQrf3nHNfLMK21rgNWuKc2ZkpdvrdEuCD2g7yHdqtc-xtXebEd4UfdPBrz_S8HO7fQYVRv3UhL00RuiAlD5MCQiSS1gidJvBOBe-Ss0oEmaWGYAMW640D0IQWC3t_AP1qOGY:1u8Mtq:7cSWHHHD6ITX1h1Lebuza1MUVMbgCrjeul5MEjuwBZs",
    "expire_date": "2025-05-09T17:31:42.671Z"
  }
},
{
  "model": "sessions.session",
  "pk": "sfg6uxwm9wbfigs5qq5t6ytuwl0x1jku",
  "fields": {
    "session_data": ".eJxVjLsOAiEUBf-F2hDeD0t7v4FwLyCrBpJltzL-u5Jsoe2ZmfMiIe5bDfvIa1gSORNBTr8bRHzkNkG6x3brFHvb1gXoVOhBB732lJ-Xw_07qHHUWRc0GngBQCeFK9oD99qj8tJ6w9BKHplAZ0wGVAWcYjpb7xB1EV-JvD_tVDfB:1ughjV:4ZU4_fr76g25Y9K7NH7U0WlMj3wUpaUrS5cpqJBzbAs",
    "expire_date": "2025-08-12T10:38:57.188Z"
  }
},
{
  "model": "sessions.session",
  "pk": "syluabedtqvy1bt3gifdxd5ebm9wzuzk",
  "fields": {
    "session_data": ".eJxVjMsOwiAQRf-FtSG8KS7d-w1kGAapGkhKuzL-uzbpQrf3nHNfLMK21rgNWuKc2ZkpdvrdEuCD2g7yHdqtc-xtXebEd4UfdPBrz_S8HO7fQYVRv3UhL00RuiAlD5MCQiSS1gidJvBOBe-Ss0oEmaWGYAMW640D0IQWC3t_AP1qOGY:1u8SgX:vLWHQlsC4QDeT3UiwUJOEZ1lQ3H0jwcVsVU-OKHlkVY",
    "expire_date": "2025-05-09T23:42:21.720Z"
  }
},
{
  "model": "sessions.session",
  "pk": "uwy710if5iarikaj05su3ytouq23pdid",
  "fields": {
    "session_data": ".eJxVjEEOwiAQRe_C2hBgqBSX7nsGMgODVA0kpV0Z765NutDtf-_9lwi4rSVsnZcwJ3ERVpx-N8L44LqDdMd6azK2ui4zyV2RB-1yaomf18P9OyjYy7c2yjLgMOqc2VM0lpJigwYteGI3MJ2jMpA4agLvgCw4RT5bM6IHHcX7A_a3OCA:1u8DKS:Orqo6kjf76jWZms4mMbG9unSY7CSyFhdpxiGVZ0mgu8",
    "expire_date": "2025-05-09T07:18:32.281Z"
  }
},
{
  "model": "sessions.session",
  "pk": "vftyt5jx2iwwu753n3nsri4gy408vwjq",
  "fields": {
    "session_data": ".eJxVjEEOwiAQRe_C2hBgqBSX7nsGMgODVA0kpV0Z765NutDtf-_9lwi4rSVsnZcwJ3ERVpx-N8L44LqDdMd6azK2ui4zyV2RB-1yaomf18P9OyjYy7c2yjLgMOqc2VM0lpJigwYteGI3MJ2jMpA4agLvgCw4RT5bM6IHHcX7A_a3OCA:1u8EtC:xEv8UnvpEOTyHEO9sBJ9nw71Dp4MJQDahKlSg3MYJyI",
    "expire_date": "2025-05-09T08:58:30.468Z"
  }
},
{
  "model": "sessions.session",
  "pk": "zkn635ahdw8emewk1hmlrs4sip2iyleu",
  "fields": {
    "session_data": ".eJxVjMsOwiAQRf-FtSE8KjAu3fcbmhlgpGogKe3K-O_apAvd3nPOfYkJt7VMW8_LNCdxEU6cfjfC-Mh1B-mO9dZkbHVdZpK7Ig_a5dhSfl4P9--gYC_f2rJ3qK0jiDZpOAdi8MHBAGwcB6ODIgjZAClNdlCAUdtMznpG5ozi_QHLqzfC:1u8DfD:EspEPQLk9-Yx1mVRgXECNyVb9JgLIPDg2l9zciBCba0",
    "expire_date": "2025-05-09T07:39:59.577Z"
  }
},
{
  "model": "core.center",
  "pk": 1,
  "fields": {
    "center_full_name": "N/A",
    "center_short_name": "N/A",
    "center_building_address": "N/A",
    "user": 2,
    "created_at": "2025-07-29T10:11:30.134Z",
    "updated_at": "2025-07-29T10:11:30.593Z"
  }
},
{
  "model": "core.center",
  "pk": 2,
  "fields": {
    "center_full_name": "N/A",
    "center_short_name": "N/A",
    "center_building_address": "N/A",
    "user": 3,
    "created_at": "2025-07-29T10:11:30.134Z",
    "updated_at": "2025-07-29T10:11:30.593Z"
  }
},
{
  "model": "core.center",
  "pk": 3,
  "fields": {
    "center_full_name": "N/A",
    "center_short_name": "N/A",
    "center_building_address": "N/A",
    "user": 5,
    "created_at": "2025-07-29T10:11:30.134Z",
    "updated_at": "2025-07-29T10:11:30.593Z"
  }
},
{
  "model": "core.center",
  "pk": 4,
  "fields": {
    "center_full_name": "N/A",
    "center_short_name": "N/A",
    "center_building_address": "N/A",
    "user": 7,
    "created_at": "2025-07-29T10:11:30.134Z",
    "updated_at": "2025-07-29T10:11:30.593Z"
  }
},
{
  "model": "resources.tag",
  "pk": 1,
  "fields": {
    "name": "Avaliable to take away",
    "location": null
  }
},
{
  "model": "resources.tag",
  "pk": 7,
  "fields": {
    "name": "Deposit required",
    "location": null
  }
},
{
  "model": "resources.tag",
  "pk": 8,
  "fields": {
    "name": "Same-day use",
    "location": 1
  }
},
{
  "model": "resources.tag",
  "pk": 9,
  "fields": {
    "name": "In-center only",
    "location": null
  }
},
{
  "model": "resources.tag",
  "pk": 10,
  "fields": {
    "name": "Food",
    "location": null
  }
},
{
  "model": "resources.tag",
  "pk": 11,
  "fields": {
    "name": "Free",
    "location": null
  }
},
{
  "model": "resources.item",
  "pk": 1,
  "fields": {
    "name": "White Board",
    "location": 1,
    "status": "available",
    "tags": [
      9
    ]
  }
},
{
  "model": "resources.item",
  "pk": 2,
  "fields": {
    "name": "Paper",
    "location": 1,
    "status": "available",
    "tags": [
      1
    ]
  }
},
{
  "model": "resources.item",
  "pk": 11,
  "fields": {
    "name": "Desktop Computers",
    "location": 3,
    "status": "available",
    "tags": [
      9
    ]
  }
},
{
  "model": "resources.item",
  "pk": 12,
  "fields": {
    "name": "Calculators",
    "location": 3,
    "status": "available",
    "tags": [
      1,
      8
    ]
  }
},
{
  "model": "resources.item",
  "pk": 13,
  "fields": {
    "name": "Ipads with stylus",
    "location": 3,
    "status": "available",
    "tags": [
      9
    ]
  }
},
{
  "model": "resources.item",
  "pk": 14,
  "fields": {
    "name": "Textbooks",
    "location": 3,
    "status": "available",
    "tags": [
      9
    ]
  }
},
{
  "model": "resources.item",
  "pk": 15,
  "fields": {
    "name": "NC Headphones",
    "location": 3,
    "status": "available",
    "tags": [
      9,
      8
    ]
  }
},
{
  "model": "resources.item",
  "pk": 16,
  "fields": {
    "name": "Anatomy sets",
    "location": 3,
    "status": "available",
    "tags": [
      1
    ]
  }
},
{
  "model": "resources.item",
  "pk": 17,
  "fields": {
    "name": "Soldering kits",
    "location": 3,
    "status": "available",
    "tags": [
      1
    ]
  }
},
{
  "model": "resources.item",
  "pk": 18,
  "fields": {
    "name": "Chemistry kits",
    "location": 3,
    "status": "available",
    "tags": [
      1
    ]
  }
},
{
  "model": "resources.item",
  "pk": 19,
  "fields": {
    "name": "Refrigerator",
    "location": 3,
    "status": "available",
    "tags": [
      9,
      10
    ]
  }
},
{
  "model": "resources.item",
  "pk": 20,
  "fields": {
    "name": "Microwave",
    "location": 3,
    "status": "available",
    "tags": [
      9,
      10
    ]
  }
},
{
  "model": "resources.item",
  "pk": 23,
  "fields": {
    "name": "Snacks",
    "location": 3,
    "status": "available",
    "tags": [
      10,
      11
    ]
  }
},
{
  "model": "resources.item",
  "pk": 25,
  "fields": {
    "name": "WEPA Printer",
    "location": 3,
    "status": "available",
    "tags": [
      9
    ]
  }
},
{
  "model": "resources.item",
  "pk": 26,
  "fields": {
    "name": "Software for statistics",
    "location": 1,
    "status": "available",
    "tags": [
      9
    ]
  }
},
{
  "model": "resources.item",
  "pk": 27,
  "fields": {
    "name": "Calculators",
    "location": 1,
    "status": "available",
    "tags": [
      1,
      7
    ]
  }
},
{
  "model": "resources.item",
  "pk": 28,
  "fields": {
    "name": "Coffee",
    "location": 3,
    "status": "unavailable",
    "tags": [
      1,
      10,
      11
    ]
  }
},
{
  "model": "resources.item",
  "pk": 29,
  "fields": {
    "name": "Tea",
    "location": 3,
    "status": "available",
    "tags": [
      1,
      10,
      11
    ]
  }
},
{
  "model": "resources.item",
  "pk": 30,
  "fields": {
    "name": "Textbooks",
    "location": 2,
    "status": "available",
    "tags": [
      9
    ]
  }
},
{
  "model": "resources.item",
  "pk": 31,
  "fields": {
    "name": "NC Headphones",
    "location": 2,
    "status": "available",
    "tags": [
      9
    ]
  }
},
{
  "model": "resources.item",
  "pk": 32,
  "fields": {
    "name": "Calculators",
    "location": 2,
    "status": "available",
    "tags": [
      9
    ]
  }
},
{
  "model": "resources.item",
  "pk": 33,
  "fields": {
    "name": "Software for statistics",
    "location": 2,
    "status": "available",
    "tags": [
      9
    ]
  }
},
{
  "model": "resources.item",
  "pk": 34,
  "fields": {
    "name": "WEPA Printer",
    "location": 2,
    "status": "available",
    "tags": [
      9
    ]
  }
},
{
  "model": "resources.item",
  "pk": 35,
  "fields": {
    "name": "NC Headphones",
    "location": 1,
    "status": "unavailable",
    "tags": [
      9
    ]
  }
},
{
  "model": "resources.item",
  "pk": 36,
  "fields": {
    "name": "Thinkpads/Laptops",
    "location": 4,
    "status": "available",
    "tags": [
      1,
      7
    ]
  }
},
{
  "model": "resources.item",
  "pk": 37,
  "fields": {
    "name": "Chromebooks",
    "location": 4,
    "status": "available",
    "tags": [
      1,
      7
    ]
  }
},
{
  "model": "resources.item",
  "pk": 38,
  "fields": {
    "name": "Graphing calculators",
    "location": 4,
    "status": "available",
    "tags": [
      1,
      7
    ]
  }
},
{
  "model": "resources.item",
  "pk": 39,
  "fields": {
    "name": "Hotspots",
    "location": 4,
    "status": "available",
    "tags": [
      1,
      7
    ]
  }
},
{
  "model": "resources.item",
  "pk": 40,
  "fields": {
    "name": "Webcams",
    "location": 4,
    "status": "available",
    "tags": [
      1,
      7
    ]
  }
},
{
  "model": "resources.item",
  "pk": 41,
  "fields": {
    "name": "Ipads",
    "location": 4,
    "status": "available",
    "tags": [
      1,
      7
    ]
  }
},
{
  "model": "resources.item",
  "pk": 42,
  "fields": {
    "name": "Wacom Tablets",
    "location": 4,
    "status": "available",
    "tags": [
      1,
      7
    ]
  }
},
{
  "model": "resources.item",
  "pk": 43,
  "fields": {
    "name": "Dragon Tablets",
    "location": 4,
    "status": "available",
    "tags": [
      1,
      7
    ]
  }
},
{
  "model": "resources.item",
  "pk": 45,
  "fields": {
    "name": "Textbooks",
    "location": 1,
    "status": "available",
    "tags": [
      7,
      9
    ]
  }
},
{
  "model": "rooms.room",
  "pk": 3,
  "fields": {
    "name": "B",
    "location": 2,
    "status": "unavailable",
    "capacity": 6
  }
},
{
  "model": "rooms.room",
  "pk": 4,
  "fields": {
    "name": "C",
    "location": 2,
    "status": "available",
    "capacity": 6
  }
},
{
  "model": "rooms.room",
  "pk": 5,
  "fields": {
    "name": "E",
    "location": 2,
    "status": "available",
    "capacity": 6
  }
},
{
  "model": "rooms.room",
  "pk": 6,
  "fields": {
    "name": "M",
    "location": 2,
    "status": "available",
    "capacity": 10
  }
},
{
  "model": "rooms.room",
  "pk": 7,
  "fields": {
    "name": "Group study room",
    "location": 4,
    "status": "available",
    "capacity": 6
  }
},
{
  "model": "rooms.room",
  "pk": 9,
  "fields": {
    "name": "Room C",
    "location": 3,
    "status": "available",
    "capacity": 32
  }
},
{
  "model": "tutoring.tutoringdailyschedule",
  "pk": 77,
  "fields": {
    "weekday": "Monday",
    "subject": "Math",
    "courses": [
      "General Math"
    ],
    "time": "08:00 AM - 10:30 AM",
    "location": "MRC"
  }
},
{
  "model": "tutoring.tutoringdailyschedule",
  "pk": 78,
  "fields": {
    "weekday": "Monday",
    "subject": "Math",
    "courses": [
      "MATH (up to 253)"
    ],
    "time": "09:00 AM - 12:00 PM",
    "location": "ISC"
  }
},
{
  "model": "tutoring.tutoringdailyschedule",
  "pk": 79,
  "fields": {
    "weekday": "Monday",
    "subject": "Engineering",
    "courses": [
      "ENGR 215",
      "ENGR 260"
    ],
    "time": "09:00 AM - 12:00 PM",
    "location": "ISC"
  }
},
{
  "model": "tutoring.tutoringdailyschedule",
  "pk": 80,
  "fields": {
    "weekday": "Monday",
    "subject": "Biology",
    "courses": [
      "BIOL 130",
      "BIOL 240",
      "BIOL 250",
      "BIOL 260"
    ],
    "time": "10:00 AM - 12:00 PM",
    "location": "Learning Center"
  }
},
{
  "model": "tutoring.tutoringdailyschedule",
  "pk": 81,
  "fields": {
    "weekday": "Monday",
    "subject": "Math",
    "courses": [
      "Stats",
      "General Math"
    ],
    "time": "10:30 AM - 03:00 PM",
    "location": "MRC"
  }
},
{
  "model": "tutoring.tutoringdailyschedule",
  "pk": 82,
  "fields": {
    "weekday": "Monday",
    "subject": "Math",
    "courses": [
      "MATH (up to 252)"
    ],
    "time": "11:00 AM - 02:00 PM",
    "location": "ISC"
  }
},
{
  "model": "tutoring.tutoringdailyschedule",
  "pk": 83,
  "fields": {
    "weekday": "Monday",
    "subject": "Engineering",
    "courses": [
      "ENGR 100",
      "ENGR 215",
      "ENGR 270"
    ],
    "time": "11:00 AM - 02:00 PM",
    "location": "ISC"
  }
},
{
  "model": "tutoring.tutoringdailyschedule",
  "pk": 84,
  "fields": {
    "weekday": "Monday",
    "subject": "Computer Science",
    "courses": [
      "CIS 110",
      "CIS 117",
      "CIS 124",
      "CIS 254",
      "CIS 255"
    ],
    "time": "11:30 AM - 02:30 PM",
    "location": "Learning Center"
  }
},
{
  "model": "tutoring.tutoringdailyschedule",
  "pk": 85,
  "fields": {
    "weekday": "Monday",
    "subject": "Physics",
    "courses": [
      "PHYS (Any)"
    ],
    "time": "11:30 AM - 02:30 PM",
    "location": "Learning Center"
  }
},
{
  "model": "tutoring.tutoringdailyschedule",
  "pk": 86,
  "fields": {
    "weekday": "Monday",
    "subject": "Math",
    "courses": [
      [
        "General Math",
        "Stats"
      ]
    ],
    "time": "11:30 AM - 02:30 PM",
    "location": "Learning Center"
  }
},
{
  "model": "tutoring.tutoringdailyschedule",
  "pk": 87,
  "fields": {
    "weekday": "Monday",
    "subject": "Spanish",
    "courses": [
      "SPAN 110"
    ],
    "time": "12:30 PM - 02:30 PM",
    "location": "Learning Center"
  }
},
{
  "model": "tutoring.tutoringdailyschedule",
  "pk": 88,
  "fields": {
    "weekday": "Monday",
    "subject": "Astronomy",
    "courses": [
      "ASTR 100",
      "ASTR 101"
    ],
    "time": "12:30 PM - 02:30 PM",
    "location": "Learning Center"
  }
},
{
  "model": "tutoring.tutoringdailyschedule",
  "pk": 89,
  "fields": {
    "weekday": "Monday",
    "subject": "Math",
    "courses": [
      "MATH 145"
    ],
    "time": "12:30 PM - 03:00 PM",
    "location": "Learning Center"
  }
},
{
  "model": "tutoring.tutoringdailyschedule",
  "pk": 90,
  "fields": {
    "weekday": "Monday",
    "subject": "Communications",
    "courses": [
      "COMM 130"
    ],
    "time": "12:30 PM - 03:00 PM",
    "location": "Learning Center"
  }
},
{
  "model": "tutoring.tutoringdailyschedule",
  "pk": 91,
  "fields": {
    "weekday": "Monday",
    "subject": "Communications",
    "courses": [
      "COMM 130"
    ],
    "time": "12:30 PM - 02:30 PM",
    "location": "Learning Center"
  }
},
{
  "model": "tutoring.tutoringdailyschedule",
  "pk": 92,
  "fields": {
    "weekday": "Monday",
    "subject": "Psychology",
    "courses": [
      "PSYCH 110"
    ],
    "time": "12:30 PM - 02:30 PM",
    "location": "Learning Center"
  }
},
{
  "model": "tutoring.tutoringdailyschedule",
  "pk": 93,
  "fields": {
    "weekday": "Monday",
    "subject": "Biology",
    "courses": [
      "BIOL 130",
      "BIOL 240",
      "BIOL 250",
      "BIOL 260"
    ],
    "time": "01:00 PM - 06:00 PM",
    "location": "Learning Center"
  }
},
{
  "model": "tutoring.tutoringdailyschedule",
  "pk": 94,
  "fields": {
    "weekday": "Monday",
    "subject": "Computer Science",
    "courses": [
      "CIS 117",
      "CIS 254",
      "CIS 255"
    ],
    "time": "01:00 PM - 04:00 PM",
    "location": "Learning Center"
  }
},
{
  "model": "tutoring.tutoringdailyschedule",
  "pk": 95,
  "fields": {
    "weekday": "Monday",
    "subject": "Math",
    "courses": [
      "Math 251",
      "Math 252",
      "Math 275"
    ],
    "time": "01:00 PM - 04:00 PM",
    "location": "Learning Center"
  }
},
{
  "model": "tutoring.tutoringdailyschedule",
  "pk": 96,
  "fields": {
    "weekday": "Monday",
    "subject": "Physics",
    "courses": [
      "PHYS 250",
      "PHYS 260"
    ],
    "time": "01:00 PM - 04:00 PM",
    "location": "Learning Center"
  }
},
{
  "model": "tutoring.tutoringdailyschedule",
  "pk": 97,
  "fields": {
    "weekday": "Monday",
    "subject": "Math",
    "courses": [
      "Math 200"
    ],
    "time": "02:00 PM - 04:00 PM",
    "location": "Learning Center"
  }
},
{
  "model": "tutoring.tutoringdailyschedule",
  "pk": 98,
  "fields": {
    "weekday": "Monday",
    "subject": "Chemistry",
    "courses": [
      "CHEM (Any)"
    ],
    "time": "02:00 PM - 05:00 PM",
    "location": "ISC"
  }
},
{
  "model": "tutoring.tutoringdailyschedule",
  "pk": 99,
  "fields": {
    "weekday": "Monday",
    "subject": "Biology",
    "courses": [
      "BIOL 210",
      "BIOL 230"
    ],
    "time": "02:00 PM - 05:00 PM",
    "location": "ISC"
  }
},
{
  "model": "tutoring.tutoringdailyschedule",
  "pk": 100,
  "fields": {
    "weekday": "Monday",
    "subject": "Physics",
    "courses": [
      "PHYS 210",
      "PHYS 250"
    ],
    "time": "02:00 PM - 05:00 PM",
    "location": "ISC"
  }
},
{
  "model": "tutoring.tutoringdailyschedule",
  "pk": 101,
  "fields": {
    "weekday": "Monday",
    "subject": "Physics",
    "courses": [
      "PHYS 250",
      "PHYS 260",
      "PHYS 270"
    ],
    "time": "02:30 PM - 05:00 PM",
    "location": "Learning Center"
  }
},
{
  "model": "tutoring.tutoringdailyschedule",
  "pk": 102,
  "fields": {
    "weekday": "Monday",
    "subject": "Math",
    "courses": [
      "Math 253",
      "Math 275"
    ],
    "time": "02:30 PM - 05:00 PM",
    "location": "Learning Center"
  }
},
{
  "model": "tutoring.tutoringdailyschedule",
  "pk": 103,
  "fields": {
    "weekday": "Monday",
    "subject": "Computer Science",
    "courses": [
      "CIS 117",
      "CIS 124",
      "CIS 254",
      "CIS 255",
      "CIS 256",
      "CIS 264"
    ],
    "time": "02:30 PM - 05:00 PM",
    "location": "Learning Center"
  }
},
{
  "model": "tutoring.tutoringdailyschedule",
  "pk": 104,
  "fields": {
    "weekday": "Monday",
    "subject": "Math",
    "courses": [
      "General Math"
    ],
    "time": "03:00 PM - 05:00 PM",
    "location": "MRC"
  }
},
{
  "model": "tutoring.tutoringdailyschedule",
  "pk": 105,
  "fields": {
    "weekday": "Monday",
    "subject": "Accounting",
    "courses": [
      "ACTG 100",
      "ACTG 121",
      "ACTG 131"
    ],
    "time": "04:00 PM - 06:30 PM",
    "location": "Learning Center"
  }
},
{
  "model": "tutoring.tutoringdailyschedule",
  "pk": 106,
  "fields": {
    "weekday": "Monday",
    "subject": "Business",
    "courses": [
      "BUS 123"
    ],
    "time": "04:00 PM - 06:30 PM",
    "location": "Learning Center"
  }
},
{
  "model": "tutoring.tutoringdailyschedule",
  "pk": 107,
  "fields": {
    "weekday": "Monday",
    "subject": "Economics",
    "courses": [
      "ECON 100",
      "ECON 102"
    ],
    "time": "04:00 PM - 06:30 PM",
    "location": "Learning Center"
  }
},
{
  "model": "tutoring.tutoringdailyschedule",
  "pk": 108,
  "fields": {
    "weekday": "Tuesday",
    "subject": "Math",
    "courses": [
      "Stats"
    ],
    "time": "08:00 AM - 09:00 AM",
    "location": "MRC"
  }
},
{
  "model": "tutoring.tutoringdailyschedule",
  "pk": 109,
  "fields": {
    "weekday": "Tuesday",
    "subject": "Math",
    "courses": [
      "General Math",
      "Stats"
    ],
    "time": "09:00 AM - 10:00 AM",
    "location": "MRC"
  }
},
{
  "model": "tutoring.tutoringdailyschedule",
  "pk": 110,
  "fields": {
    "weekday": "Tuesday",
    "subject": "Math",
    "courses": [
      "MATH (up to 253)"
    ],
    "time": "09:00 AM - 12:00 PM",
    "location": "ISC"
  }
},
{
  "model": "tutoring.tutoringdailyschedule",
  "pk": 111,
  "fields": {
    "weekday": "Tuesday",
    "subject": "Engineering",
    "courses": [
      "ENGR 100",
      "ENGR 210"
    ],
    "time": "09:00 AM - 12:00 PM",
    "location": "ISC"
  }
},
{
  "model": "tutoring.tutoringdailyschedule",
  "pk": 112,
  "fields": {
    "weekday": "Tuesday",
    "subject": "Math",
    "courses": [
      "General Math"
    ],
    "time": "10:00 AM - 11:00 AM",
    "location": "MRC"
  }
},
{
  "model": "tutoring.tutoringdailyschedule",
  "pk": 113,
  "fields": {
    "weekday": "Tuesday",
    "subject": "Chemistry",
    "courses": [
      "CHEM 210",
      "CHEM 220",
      "CHEM 231"
    ],
    "time": "10:00 AM - 11:00 AM",
    "location": "ISC"
  }
},
{
  "model": "tutoring.tutoringdailyschedule",
  "pk": 114,
  "fields": {
    "weekday": "Tuesday",
    "subject": "Accounting",
    "courses": [
      "ACTG 121",
      "ACTG 131"
    ],
    "time": "11:30 AM - 02:30 PM",
    "location": "Learning Center"
  }
},
{
  "model": "tutoring.tutoringdailyschedule",
  "pk": 115,
  "fields": {
    "weekday": "Tuesday",
    "subject": "Astronomy",
    "courses": [
      "ASTR 100"
    ],
    "time": "11:30 AM - 02:30 PM",
    "location": "Learning Center"
  }
},
{
  "model": "tutoring.tutoringdailyschedule",
  "pk": 116,
  "fields": {
    "weekday": "Tuesday",
    "subject": "Business",
    "courses": [
      "BUS 103"
    ],
    "time": "11:30 AM - 02:30 PM",
    "location": "Learning Center"
  }
},
{
  "model": "tutoring.tutoringdailyschedule",
  "pk": 117,
  "fields": {
    "weekday": "Tuesday",
    "subject": "Economics",
    "courses": [
      "ECON 100",
      "ECON 102"
    ],
    "time": "11:30 AM - 02:30 PM",
    "location": "Learning Center"
  }
},
{
  "model": "tutoring.tutoringdailyschedule",
  "pk": 118,
  "fields": {
    "weekday": "Tuesday",
    "subject": "Engineering",
    "courses": [
      "ENGR 100",
      "ENGR 215",
      "ENGR 270"
    ],
    "time": "12:00 PM - 02:00 PM",
    "location": "ISC"
  }
},
{
  "model": "tutoring.tutoringdailyschedule",
  "pk": 119,
  "fields": {
    "weekday": "Tuesday",
    "subject": "Math",
    "courses": [
      "MATH (up to 252)"
    ],
    "time": "12:00 PM - 02:00 PM",
    "location": "ISC"
  }
},
{
  "model": "tutoring.tutoringdailyschedule",
  "pk": 120,
  "fields": {
    "weekday": "Tuesday",
    "subject": "Astronomy",
    "courses": [
      "ASTR 100",
      "ASTR 101"
    ],
    "time": "12:30 PM - 02:30 PM",
    "location": "Learning Center"
  }
},
{
  "model": "tutoring.tutoringdailyschedule",
  "pk": 121,
  "fields": {
    "weekday": "Tuesday",
    "subject": "Math",
    "courses": [
      "Stats"
    ],
    "time": "12:30 PM - 02:00 PM",
    "location": "MRC"
  }
},
{
  "model": "tutoring.tutoringdailyschedule",
  "pk": 122,
  "fields": {
    "weekday": "Tuesday",
    "subject": "Psychology",
    "courses": [
      "PSYCH 110"
    ],
    "time": "12:30 PM - 02:30 PM",
    "location": "Learning Center"
  }
},
{
  "model": "tutoring.tutoringdailyschedule",
  "pk": 123,
  "fields": {
    "weekday": "Tuesday",
    "subject": "Spanish",
    "courses": [
      "SPAN 110"
    ],
    "time": "12:30 PM - 02:30 PM",
    "location": "Learning Center"
  }
},
{
  "model": "tutoring.tutoringdailyschedule",
  "pk": 124,
  "fields": {
    "weekday": "Tuesday",
    "subject": "Chemistry",
    "courses": [
      "CHEM 210"
    ],
    "time": "01:00 PM - 03:00 PM",
    "location": "Learning Center"
  }
},
{
  "model": "tutoring.tutoringdailyschedule",
  "pk": 125,
  "fields": {
    "weekday": "Tuesday",
    "subject": "Math",
    "courses": [
      "Math 251",
      "Math 252"
    ],
    "time": "01:00 PM - 03:00 PM",
    "location": "Learning Center"
  }
},
{
  "model": "tutoring.tutoringdailyschedule",
  "pk": 126,
  "fields": {
    "weekday": "Tuesday",
    "subject": "Physics",
    "courses": [
      "PHYS 211",
      "PHYS 250",
      "PHYS 270"
    ],
    "time": "01:00 PM - 03:00 PM",
    "location": "Learning Center"
  }
},
{
  "model": "tutoring.tutoringdailyschedule",
  "pk": 127,
  "fields": {
    "weekday": "Tuesday",
    "subject": "Math",
    "courses": [
      "MATH 225",
      "MATH 251",
      "MATH 252",
      "MATH 253",
      "MATH 270"
    ],
    "time": "02:00 PM - 05:00 PM",
    "location": "ISC"
  }
},
{
  "model": "tutoring.tutoringdailyschedule",
  "pk": 128,
  "fields": {
    "weekday": "Tuesday",
    "subject": "Engineering",
    "courses": [
      "ENGR 210",
      "ENGR 270"
    ],
    "time": "02:00 PM - 05:00 PM",
    "location": "ISC"
  }
},
{
  "model": "tutoring.tutoringdailyschedule",
  "pk": 129,
  "fields": {
    "weekday": "Tuesday",
    "subject": "Chemistry",
    "courses": [
      "CHEM 210",
      "CHEM 220",
      "CHEM 231"
    ],
    "time": "02:00 PM - 03:30 PM",
    "location": "ISC"
  }
},
{
  "model": "tutoring.tutoringdailyschedule",
  "pk": 130,
  "fields": {
    "weekday": "Tuesday",
    "subject": "Biology",
    "courses": [
      "BIOL 100",
      "BIOL 102",
      "BIOL 130",
      "BIOL 225"
    ],
    "time": "02:00 PM - 05:00 PM",
    "location": "ISC"
  }
},
{
  "model": "tutoring.tutoringdailyschedule",
  "pk": 131,
  "fields": {
    "weekday": "Tuesday",
    "subject": "Physics",
    "courses": [
      "PHYS 100",
      "PHYS 210",
      "PHYS 250",
      "PHYS 260",
      "PHYS 270"
    ],
    "time": "02:00 PM - 05:00 PM",
    "location": "ISC"
  }
},
{
  "model": "tutoring.tutoringdailyschedule",
  "pk": 132,
  "fields": {
    "weekday": "Tuesday",
    "subject": "Music",
    "courses": [
      "General Music"
    ],
    "time": "02:00 PM - 04:00 PM",
    "location": "B2 at 240/250"
  }
},
{
  "model": "tutoring.tutoringdailyschedule",
  "pk": 133,
  "fields": {
    "weekday": "Tuesday",
    "subject": "Math",
    "courses": [
      "General Math",
      "Stats"
    ],
    "time": "02:00 PM - 05:00 PM",
    "location": "MRC"
  }
},
{
  "model": "tutoring.tutoringdailyschedule",
  "pk": 134,
  "fields": {
    "weekday": "Tuesday",
    "subject": "Math",
    "courses": [
      "Math 253",
      "Math 275"
    ],
    "time": "02:30 PM - 05:00 PM",
    "location": "Learning Center"
  }
},
{
  "model": "tutoring.tutoringdailyschedule",
  "pk": 135,
  "fields": {
    "weekday": "Tuesday",
    "subject": "Computer Science",
    "courses": [
      "CIS 117",
      "CIS 124",
      "CIS 254",
      "CIS 255",
      "CIS 256",
      "CIS 264"
    ],
    "time": "02:30 PM - 05:00 PM",
    "location": "Learning Center"
  }
},
{
  "model": "tutoring.tutoringdailyschedule",
  "pk": 136,
  "fields": {
    "weekday": "Tuesday",
    "subject": "Physics",
    "courses": [
      "PHYS 250",
      "PHYS 260",
      "PHYS 270"
    ],
    "time": "02:30 PM - 05:00 PM",
    "location": "Learning Center"
  }
},
{
  "model": "tutoring.tutoringdailyschedule",
  "pk": 137,
  "fields": {
    "weekday": "Tuesday",
    "subject": "Chemistry",
    "courses": [
      "CHEM 210",
      "CHEM 220",
      "CHEM 231",
      "CHEM 232"
    ],
    "time": "03:30 PM - 05:00 PM",
    "location": "ISC"
  }
},
{
  "model": "tutoring.tutoringdailyschedule",
  "pk": 138,
  "fields": {
    "weekday": "Tuesday",
    "subject": "Physics",
    "courses": [
      "PHYS (Any)"
    ],
    "time": "03:30 PM - 05:00 PM",
    "location": "ISC"
  }
},
{
  "model": "tutoring.tutoringdailyschedule",
  "pk": 139,
  "fields": {
    "weekday": "Wednesday",
    "subject": "Math",
    "courses": [
      "Stats",
      "General Math"
    ],
    "time": "08:00 AM - 10:00 AM",
    "location": "MRC"
  }
},
{
  "model": "tutoring.tutoringdailyschedule",
  "pk": 140,
  "fields": {
    "weekday": "Wednesday",
    "subject": "Chemistry",
    "courses": [
      "CHEM 210",
      "CHEM 231",
      "CHEM 232"
    ],
    "time": "09:00 AM - 10:00 AM",
    "location": "ISC"
  }
},
{
  "model": "tutoring.tutoringdailyschedule",
  "pk": 141,
  "fields": {
    "weekday": "Wednesday",
    "subject": "Engineering",
    "courses": [
      "ENGR 100",
      "ENGR 210"
    ],
    "time": "09:00 AM - 12:00 PM",
    "location": "ISC"
  }
},
{
  "model": "tutoring.tutoringdailyschedule",
  "pk": 142,
  "fields": {
    "weekday": "Wednesday",
    "subject": "Physics",
    "courses": [
      "PHYS 210"
    ],
    "time": "09:00 AM - 10:00 AM",
    "location": "ISC"
  }
},
{
  "model": "tutoring.tutoringdailyschedule",
  "pk": 143,
  "fields": {
    "weekday": "Wednesday",
    "subject": "Math",
    "courses": [
      "MATH (up to 253)"
    ],
    "time": "09:00 AM - 12:00 PM",
    "location": "ISC"
  }
},
{
  "model": "tutoring.tutoringdailyschedule",
  "pk": 144,
  "fields": {
    "weekday": "Wednesday",
    "subject": "Math",
    "courses": [
      "MATH (up to 252)"
    ],
    "time": "09:00 AM - 10:00 AM",
    "location": "ISC"
  }
},
{
  "model": "tutoring.tutoringdailyschedule",
  "pk": 145,
  "fields": {
    "weekday": "Wednesday",
    "subject": "Biology",
    "courses": [
      "BIOL 220"
    ],
    "time": "09:00 AM - 10:00 AM",
    "location": "ISC"
  }
},
{
  "model": "tutoring.tutoringdailyschedule",
  "pk": 146,
  "fields": {
    "weekday": "Wednesday",
    "subject": "Economics",
    "courses": [
      "ECON 100",
      "ECON 102"
    ],
    "time": "10:00 AM - 01:00 PM",
    "location": "Learning Center"
  }
},
{
  "model": "tutoring.tutoringdailyschedule",
  "pk": 147,
  "fields": {
    "weekday": "Wednesday",
    "subject": "Astronomy",
    "courses": [
      "ASTR 100"
    ],
    "time": "10:00 AM - 01:00 PM",
    "location": "Learning Center"
  }
},
{
  "model": "tutoring.tutoringdailyschedule",
  "pk": 148,
  "fields": {
    "weekday": "Wednesday",
    "subject": "Accounting",
    "courses": [
      "ACTG 121",
      "ACTG 131"
    ],
    "time": "10:00 AM - 01:00 PM",
    "location": "Learning Center"
  }
},
{
  "model": "tutoring.tutoringdailyschedule",
  "pk": 149,
  "fields": {
    "weekday": "Wednesday",
    "subject": "Math",
    "courses": [
      "General Math"
    ],
    "time": "10:00 AM - 01:00 PM",
    "location": "MRC"
  }
},
{
  "model": "tutoring.tutoringdailyschedule",
  "pk": 150,
  "fields": {
    "weekday": "Wednesday",
    "subject": "Business",
    "courses": [
      "BUS 103"
    ],
    "time": "10:00 AM - 01:00 PM",
    "location": "Learning Center"
  }
},
{
  "model": "tutoring.tutoringdailyschedule",
  "pk": 151,
  "fields": {
    "weekday": "Wednesday",
    "subject": "Chemistry",
    "courses": [
      "CHEM 210",
      "CHEM 220",
      "CHEM 231"
    ],
    "time": "11:00 AM - 02:00 PM",
    "location": "ISC"
  }
},
{
  "model": "tutoring.tutoringdailyschedule",
  "pk": 152,
  "fields": {
    "weekday": "Wednesday",
    "subject": "Communications",
    "courses": [
      "COMM 130"
    ],
    "time": "11:30 AM - 02:00 PM",
    "location": "Learning Center"
  }
},
{
  "model": "tutoring.tutoringdailyschedule",
  "pk": 153,
  "fields": {
    "weekday": "Wednesday",
    "subject": "Math",
    "courses": [
      "MATH 145"
    ],
    "time": "12:30 PM - 03:00 PM",
    "location": "Learning Center"
  }
},
{
  "model": "tutoring.tutoringdailyschedule",
  "pk": 154,
  "fields": {
    "weekday": "Wednesday",
    "subject": "Communications",
    "courses": [
      "COMM 130"
    ],
    "time": "12:30 PM - 03:00 PM",
    "location": "Learning Center"
  }
},
{
  "model": "tutoring.tutoringdailyschedule",
  "pk": 155,
  "fields": {
    "weekday": "Wednesday",
    "subject": "Psychology",
    "courses": [
      "PSYCH 110"
    ],
    "time": "01:00 PM - 03:00 PM",
    "location": "Learning Center"
  }
},
{
  "model": "tutoring.tutoringdailyschedule",
  "pk": 156,
  "fields": {
    "weekday": "Wednesday",
    "subject": "Astronomy",
    "courses": [
      "ASTR 100",
      "ASTR 101"
    ],
    "time": "01:00 PM - 03:00 PM",
    "location": "Learning Center"
  }
},
{
  "model": "tutoring.tutoringdailyschedule",
  "pk": 157,
  "fields": {
    "weekday": "Wednesday",
    "subject": "Computer Science",
    "courses": [
      "CIS 110",
      "CIS 117",
      "CIS 124",
      "CIS 254",
      "CIS 255"
    ],
    "time": "01:00 PM - 03:00 PM",
    "location": "Learning Center"
  }
},
{
  "model": "tutoring.tutoringdailyschedule",
  "pk": 158,
  "fields": {
    "weekday": "Wednesday",
    "subject": "Spanish",
    "courses": [
      "SPAN 110"
    ],
    "time": "01:00 PM - 03:00 PM",
    "location": "Learning Center"
  }
},
{
  "model": "tutoring.tutoringdailyschedule",
  "pk": 159,
  "fields": {
    "weekday": "Wednesday",
    "subject": "Math",
    "courses": [
      [
        "General Math",
        "Stats"
      ]
    ],
    "time": "01:00 PM - 03:00 PM",
    "location": "Learning Center"
  }
},
{
  "model": "tutoring.tutoringdailyschedule",
  "pk": 160,
  "fields": {
    "weekday": "Wednesday",
    "subject": "Physics",
    "courses": [
      "PHYS (Any)"
    ],
    "time": "01:00 PM - 03:00 PM",
    "location": "Learning Center"
  }
},
{
  "model": "tutoring.tutoringdailyschedule",
  "pk": 161,
  "fields": {
    "weekday": "Wednesday",
    "subject": "Math",
    "courses": [
      "General Math",
      "Stats"
    ],
    "time": "01:00 PM - 02:00 PM",
    "location": "MRC"
  }
},
{
  "model": "tutoring.tutoringdailyschedule",
  "pk": 162,
  "fields": {
    "weekday": "Wednesday",
    "subject": "Music",
    "courses": [
      "General Music"
    ],
    "time": "02:00 PM - 04:00 PM",
    "location": "B2 at 240/250"
  }
},
{
  "model": "tutoring.tutoringdailyschedule",
  "pk": 163,
  "fields": {
    "weekday": "Wednesday",
    "subject": "Math",
    "courses": [
      "Stats"
    ],
    "time": "02:00 PM - 03:00 PM",
    "location": "MRC"
  }
},
{
  "model": "tutoring.tutoringdailyschedule",
  "pk": 164,
  "fields": {
    "weekday": "Wednesday",
    "subject": "Biology",
    "courses": [
      "BIOL 210",
      "BIOL 230"
    ],
    "time": "02:00 PM - 05:00 PM",
    "location": "ISC"
  }
},
{
  "model": "tutoring.tutoringdailyschedule",
  "pk": 165,
  "fields": {
    "weekday": "Wednesday",
    "subject": "Chemistry",
    "courses": [
      "CHEM (Any)"
    ],
    "time": "02:00 PM - 05:00 PM",
    "location": "ISC"
  }
},
{
  "model": "tutoring.tutoringdailyschedule",
  "pk": 166,
  "fields": {
    "weekday": "Wednesday",
    "subject": "Physics",
    "courses": [
      "PHYS 210",
      "PHYS 250"
    ],
    "time": "02:00 PM - 05:00 PM",
    "location": "ISC"
  }
},
{
  "model": "tutoring.tutoringdailyschedule",
  "pk": 167,
  "fields": {
    "weekday": "Wednesday",
    "subject": "Math",
    "courses": [
      "Math 253",
      "Math 275"
    ],
    "time": "02:30 PM - 05:00 PM",
    "location": "Learning Center"
  }
},
{
  "model": "tutoring.tutoringdailyschedule",
  "pk": 168,
  "fields": {
    "weekday": "Wednesday",
    "subject": "Physics",
    "courses": [
      "PHYS 250",
      "PHYS 260",
      "PHYS 270"
    ],
    "time": "02:30 PM - 05:00 PM",
    "location": "Learning Center"
  }
},
{
  "model": "tutoring.tutoringdailyschedule",
  "pk": 169,
  "fields": {
    "weekday": "Wednesday",
    "subject": "Computer Science",
    "courses": [
      "CIS 117",
      "CIS 124",
      "CIS 254",
      "CIS 255",
      "CIS 256",
      "CIS 264"
    ],
    "time": "02:30 PM - 05:00 PM",
    "location": "Learning Center"
  }
},
{
  "model": "tutoring.tutoringdailyschedule",
  "pk": 170,
  "fields": {
    "weekday": "Wednesday",
    "subject": "Biology",
    "courses": [
      "BIOL 130",
      "BIOL 240",
      "BIOL 250",
      "BIOL 260"
    ],
    "time": "03:00 PM - 06:00 PM",
    "location": "Learning Center"
  }
},
{
  "model": "tutoring.tutoringdailyschedule",
  "pk": 171,
  "fields": {
    "weekday": "Wednesday",
    "subject": "Math",
    "courses": [
      "Stats",
      "General Math"
    ],
    "time": "03:00 PM - 05:00 PM",
    "location": "MRC"
  }
},
{
  "model": "tutoring.tutoringdailyschedule",
  "pk": 172,
  "fields": {
    "weekday": "Thursday",
    "subject": "Math",
    "courses": [
      "Stats",
      "General Math"
    ],
    "time": "08:00 AM - 10:00 AM",
    "location": "MRC"
  }
},
{
  "model": "tutoring.tutoringdailyschedule",
  "pk": 173,
  "fields": {
    "weekday": "Thursday",
    "subject": "Physics",
    "courses": [
      "PHYS 250",
      "PHYS 270"
    ],
    "time": "09:00 AM - 12:00 PM",
    "location": "ISC"
  }
},
{
  "model": "tutoring.tutoringdailyschedule",
  "pk": 174,
  "fields": {
    "weekday": "Thursday",
    "subject": "Math",
    "courses": [
      "MATH 251",
      "MATH 252",
      "MATH 253",
      "MATH 270",
      "MATH 275",
      "MATH 268"
    ],
    "time": "09:00 AM - 12:00 PM",
    "location": "ISC"
  }
},
{
  "model": "tutoring.tutoringdailyschedule",
  "pk": 175,
  "fields": {
    "weekday": "Thursday",
    "subject": "Communications",
    "courses": [
      "COMM 130"
    ],
    "time": "09:00 AM - 10:30 AM",
    "location": "Learning Center"
  }
},
{
  "model": "tutoring.tutoringdailyschedule",
  "pk": 176,
  "fields": {
    "weekday": "Thursday",
    "subject": "Computer Science",
    "courses": [
      "CIS 117",
      "CIS 254",
      "CIS 255"
    ],
    "time": "09:00 AM - 12:00 PM",
    "location": "Learning Center"
  }
},
{
  "model": "tutoring.tutoringdailyschedule",
  "pk": 177,
  "fields": {
    "weekday": "Thursday",
    "subject": "Engineering",
    "courses": [
      "ENGR 100",
      "ENGR 210"
    ],
    "time": "09:00 AM - 12:00 PM",
    "location": "ISC"
  }
},
{
  "model": "tutoring.tutoringdailyschedule",
  "pk": 178,
  "fields": {
    "weekday": "Thursday",
    "subject": "Physics",
    "courses": [
      "PHYS 250",
      "PHYS 260"
    ],
    "time": "09:00 AM - 12:00 PM",
    "location": "Learning Center"
  }
},
{
  "model": "tutoring.tutoringdailyschedule",
  "pk": 179,
  "fields": {
    "weekday": "Thursday",
    "subject": "Math",
    "courses": [
      "Math 251",
      "Math 252",
      "Math 275"
    ],
    "time": "09:00 AM - 12:00 PM",
    "location": "Learning Center"
  }
},
{
  "model": "tutoring.tutoringdailyschedule",
  "pk": 180,
  "fields": {
    "weekday": "Thursday",
    "subject": "Math",
    "courses": [
      "General Math"
    ],
    "time": "10:00 AM - 11:00 AM",
    "location": "MRC"
  }
},
{
  "model": "tutoring.tutoringdailyschedule",
  "pk": 181,
  "fields": {
    "weekday": "Thursday",
    "subject": "Physics",
    "courses": [
      "PHYS 250",
      "PHYS 260",
      "PHYS 270"
    ],
    "time": "10:00 AM - 12:00 PM",
    "location": "Learning Center"
  }
},
{
  "model": "tutoring.tutoringdailyschedule",
  "pk": 182,
  "fields": {
    "weekday": "Thursday",
    "subject": "Math",
    "courses": [
      "Math 253",
      "Math 275"
    ],
    "time": "10:00 AM - 12:00 PM",
    "location": "Learning Center"
  }
},
{
  "model": "tutoring.tutoringdailyschedule",
  "pk": 183,
  "fields": {
    "weekday": "Thursday",
    "subject": "Computer Science",
    "courses": [
      "CIS 117",
      "CIS 124",
      "CIS 254",
      "CIS 255",
      "CIS 256",
      "CIS 264"
    ],
    "time": "10:00 AM - 12:00 PM",
    "location": "Learning Center"
  }
},
{
  "model": "tutoring.tutoringdailyschedule",
  "pk": 184,
  "fields": {
    "weekday": "Thursday",
    "subject": "Chemistry",
    "courses": [
      "CHEM 210",
      "CHEM 220",
      "CHEM 231"
    ],
    "time": "10:00 AM - 11:00 AM",
    "location": "ISC"
  }
},
{
  "model": "tutoring.tutoringdailyschedule",
  "pk": 185,
  "fields": {
    "weekday": "Thursday",
    "subject": "Astronomy",
    "courses": [
      "ASTR 100"
    ],
    "time": "11:30 AM - 02:30 PM",
    "location": "Learning Center"
  }
},
{
  "model": "tutoring.tutoringdailyschedule",
  "pk": 186,
  "fields": {
    "weekday": "Thursday",
    "subject": "Business",
    "courses": [
      "BUS 103"
    ],
    "time": "11:30 AM - 02:30 PM",
    "location": "Learning Center"
  }
},
{
  "model": "tutoring.tutoringdailyschedule",
  "pk": 187,
  "fields": {
    "weekday": "Thursday",
    "subject": "Economics",
    "courses": [
      "ECON 100",
      "ECON 102"
    ],
    "time": "11:30 AM - 02:30 PM",
    "location": "Learning Center"
  }
},
{
  "model": "tutoring.tutoringdailyschedule",
  "pk": 188,
  "fields": {
    "weekday": "Thursday",
    "subject": "Accounting",
    "courses": [
      "ACTG 121",
      "ACTG 131"
    ],
    "time": "11:30 AM - 02:30 PM",
    "location": "Learning Center"
  }
},
{
  "model": "tutoring.tutoringdailyschedule",
  "pk": 189,
  "fields": {
    "weekday": "Thursday",
    "subject": "Math",
    "courses": [
      "MATH (up to 252)"
    ],
    "time": "12:00 PM - 02:00 PM",
    "location": "ISC"
  }
},
{
  "model": "tutoring.tutoringdailyschedule",
  "pk": 190,
  "fields": {
    "weekday": "Thursday",
    "subject": "Engineering",
    "courses": [
      "ENGR 100",
      "ENGR 215",
      "ENGR 270"
    ],
    "time": "12:25 PM - 02:25 PM",
    "location": "ISC"
  }
},
{
  "model": "tutoring.tutoringdailyschedule",
  "pk": 191,
  "fields": {
    "weekday": "Thursday",
    "subject": "Math",
    "courses": [
      "Stats"
    ],
    "time": "12:30 PM - 02:00 PM",
    "location": "MRC"
  }
},
{
  "model": "tutoring.tutoringdailyschedule",
  "pk": 192,
  "fields": {
    "weekday": "Thursday",
    "subject": "Math",
    "courses": [
      "Math 251",
      "Math 252"
    ],
    "time": "01:00 PM - 04:00 PM",
    "location": "Learning Center"
  }
},
{
  "model": "tutoring.tutoringdailyschedule",
  "pk": 193,
  "fields": {
    "weekday": "Thursday",
    "subject": "Chemistry",
    "courses": [
      "CHEM 210"
    ],
    "time": "01:00 PM - 04:00 PM",
    "location": "Learning Center"
  }
},
{
  "model": "tutoring.tutoringdailyschedule",
  "pk": 194,
  "fields": {
    "weekday": "Thursday",
    "subject": "Physics",
    "courses": [
      "PHYS 211",
      "PHYS 250",
      "PHYS 270"
    ],
    "time": "01:00 PM - 04:00 PM",
    "location": "Learning Center"
  }
},
{
  "model": "tutoring.tutoringdailyschedule",
  "pk": 195,
  "fields": {
    "weekday": "Thursday",
    "subject": "Engineering",
    "courses": [
      "ENGR 210",
      "ENGR 270"
    ],
    "time": "02:00 PM - 05:00 PM",
    "location": "ISC"
  }
},
{
  "model": "tutoring.tutoringdailyschedule",
  "pk": 196,
  "fields": {
    "weekday": "Thursday",
    "subject": "Chemistry",
    "courses": [
      "CHEM 210",
      "CHEM 220",
      "CHEM 231"
    ],
    "time": "02:00 PM - 03:30 PM",
    "location": "ISC"
  }
},
{
  "model": "tutoring.tutoringdailyschedule",
  "pk": 197,
  "fields": {
    "weekday": "Thursday",
    "subject": "Biology",
    "courses": [
      "BIOL 100",
      "BIOL 102",
      "BIOL 130",
      "BIOL 225"
    ],
    "time": "02:00 PM - 05:00 PM",
    "location": "ISC"
  }
},
{
  "model": "tutoring.tutoringdailyschedule",
  "pk": 198,
  "fields": {
    "weekday": "Thursday",
    "subject": "Math",
    "courses": [
      "MATH 225",
      "MATH 251",
      "MATH 252",
      "MATH 253",
      "MATH 270"
    ],
    "time": "02:00 PM - 05:00 PM",
    "location": "ISC"
  }
},
{
  "model": "tutoring.tutoringdailyschedule",
  "pk": 199,
  "fields": {
    "weekday": "Thursday",
    "subject": "Astronomy",
    "courses": [
      "ASTR 100",
      "ASTR 101"
    ],
    "time": "02:00 PM - 04:00 PM",
    "location": "Learning Center"
  }
},
{
  "model": "tutoring.tutoringdailyschedule",
  "pk": 200,
  "fields": {
    "weekday": "Thursday",
    "subject": "Spanish",
    "courses": [
      "SPAN 110"
    ],
    "time": "02:00 PM - 04:00 PM",
    "location": "Learning Center"
  }
},
{
  "model": "tutoring.tutoringdailyschedule",
  "pk": 201,
  "fields": {
    "weekday": "Thursday",
    "subject": "Music",
    "courses": [
      "General Music"
    ],
    "time": "02:00 PM - 04:00 PM",
    "location": "B2 at 240/250"
  }
},
{
  "model": "tutoring.tutoringdailyschedule",
  "pk": 202,
  "fields": {
    "weekday": "Thursday",
    "subject": "Math",
    "courses": [
      "Math 200"
    ],
    "time": "02:00 PM - 04:00 PM",
    "location": "Learning Center"
  }
},
{
  "model": "tutoring.tutoringdailyschedule",
  "pk": 203,
  "fields": {
    "weekday": "Thursday",
    "subject": "Physics",
    "courses": [
      "PHYS 100",
      "PHYS 210",
      "PHYS 250",
      "PHYS 260",
      "PHYS 270"
    ],
    "time": "02:00 PM - 05:00 PM",
    "location": "ISC"
  }
},
{
  "model": "tutoring.tutoringdailyschedule",
  "pk": 204,
  "fields": {
    "weekday": "Thursday",
    "subject": "Psychology",
    "courses": [
      "PSYCH 110"
    ],
    "time": "02:00 PM - 04:00 PM",
    "location": "Learning Center"
  }
},
{
  "model": "tutoring.tutoringdailyschedule",
  "pk": 205,
  "fields": {
    "weekday": "Thursday",
    "subject": "Math",
    "courses": [
      "General Math"
    ],
    "time": "02:00 PM - 05:00 PM",
    "location": "MRC"
  }
},
{
  "model": "tutoring.tutoringdailyschedule",
  "pk": 206,
  "fields": {
    "weekday": "Thursday",
    "subject": "Biology",
    "courses": [
      "BIOL 130",
      "BIOL 240",
      "BIOL 250",
      "BIOL 260"
    ],
    "time": "02:30 PM - 06:00 PM",
    "location": "Learning Center"
  }
},
{
  "model": "tutoring.tutoringdailyschedule",
  "pk": 207,
  "fields": {
    "weekday": "Thursday",
    "subject": "Economics",
    "courses": [
      "ECON 100",
      "ECON 102"
    ],
    "time": "03:30 PM - 05:30 PM",
    "location": "Learning Center"
  }
},
{
  "model": "tutoring.tutoringdailyschedule",
  "pk": 208,
  "fields": {
    "weekday": "Thursday",
    "subject": "Business",
    "courses": [
      "BUS 123"
    ],
    "time": "03:30 PM - 05:30 PM",
    "location": "Learning Center"
  }
},
{
  "model": "tutoring.tutoringdailyschedule",
  "pk": 209,
  "fields": {
    "weekday": "Thursday",
    "subject": "Accounting",
    "courses": [
      "ACTG 100",
      "ACTG 121",
      "ACTG 131"
    ],
    "time": "03:30 PM - 05:30 PM",
    "location": "Learning Center"
  }
},
{
  "model": "tutoring.tutoringdailyschedule",
  "pk": 210,
  "fields": {
    "weekday": "Thursday",
    "subject": "Physics",
    "courses": [
      "PHYS (Any)"
    ],
    "time": "03:30 PM - 05:00 PM",
    "location": "ISC"
  }
},
{
  "model": "tutoring.tutoringdailyschedule",
  "pk": 211,
  "fields": {
    "weekday": "Friday",
    "subject": "Math",
    "courses": [
      "General Math"
    ],
    "time": "08:00 AM - 11:00 AM",
    "location": "MRC"
  }
},
{
  "model": "tutoring.tutoringdailyschedule",
  "pk": 212,
  "fields": {
    "weekday": "Friday",
    "subject": "Math",
    "courses": [
      "MATH (up to 252)"
    ],
    "time": "09:00 AM - 01:00 PM",
    "location": "ISC"
  }
},
{
  "model": "tutoring.tutoringdailyschedule",
  "pk": 213,
  "fields": {
    "weekday": "Friday",
    "subject": "Math",
    "courses": [
      "MATH (up to 253)"
    ],
    "time": "09:00 AM - 11:00 AM",
    "location": "ISC"
  }
},
{
  "model": "tutoring.tutoringdailyschedule",
  "pk": 214,
  "fields": {
    "weekday": "Friday",
    "subject": "Physics",
    "courses": [
      "PHYS 210"
    ],
    "time": "09:00 AM - 01:00 PM",
    "location": "ISC"
  }
},
{
  "model": "tutoring.tutoringdailyschedule",
  "pk": 215,
  "fields": {
    "weekday": "Friday",
    "subject": "Biology",
    "courses": [
      "BIOL 220"
    ],
    "time": "09:00 AM - 01:00 PM",
    "location": "ISC"
  }
},
{
  "model": "tutoring.tutoringdailyschedule",
  "pk": 216,
  "fields": {
    "weekday": "Friday",
    "subject": "Chemistry",
    "courses": [
      "CHEM 210",
      "CHEM 231",
      "CHEM 232"
    ],
    "time": "09:00 AM - 01:00 PM",
    "location": "ISC"
  }
},
{
  "model": "tutoring.tutoringdailyschedule",
  "pk": 217,
  "fields": {
    "weekday": "Friday",
    "subject": "Economics",
    "courses": [
      "ECON 100",
      "ECON 102"
    ],
    "time": "09:00 AM - 12:30 PM",
    "location": "Learning Center"
  }
},
{
  "model": "tutoring.tutoringdailyschedule",
  "pk": 218,
  "fields": {
    "weekday": "Friday",
    "subject": "Business",
    "courses": [
      "BUS 123"
    ],
    "time": "09:00 AM - 12:30 PM",
    "location": "Learning Center"
  }
},
{
  "model": "tutoring.tutoringdailyschedule",
  "pk": 219,
  "fields": {
    "weekday": "Friday",
    "subject": "Accounting",
    "courses": [
      "ACTG 100",
      "ACTG 121",
      "ACTG 131"
    ],
    "time": "09:00 AM - 12:30 PM",
    "location": "Learning Center"
  }
},
{
  "model": "tutoring.tutoringdailyschedule",
  "pk": 220,
  "fields": {
    "weekday": "Friday",
    "subject": "Math",
    "courses": [
      "MATH 145"
    ],
    "time": "09:30 AM - 12:00 PM",
    "location": "Learning Center"
  }
},
{
  "model": "tutoring.tutoringdailyschedule",
  "pk": 221,
  "fields": {
    "weekday": "Friday",
    "subject": "Communications",
    "courses": [
      "COMM 130"
    ],
    "time": "09:30 AM - 12:00 PM",
    "location": "Learning Center"
  }
},
{
  "model": "tutoring.tutoringdailyschedule",
  "pk": 222,
  "fields": {
    "weekday": "Friday",
    "subject": "Physics",
    "courses": [
      "PHYS 210",
      "PHYS 250"
    ],
    "time": "10:00 AM - 01:00 PM",
    "location": "ISC"
  }
},
{
  "model": "tutoring.tutoringdailyschedule",
  "pk": 223,
  "fields": {
    "weekday": "Friday",
    "subject": "Chemistry",
    "courses": [
      "CHEM (Any)"
    ],
    "time": "10:00 AM - 01:00 PM",
    "location": "ISC"
  }
},
{
  "model": "tutoring.tutoringdailyschedule",
  "pk": 224,
  "fields": {
    "weekday": "Friday",
    "subject": "Biology",
    "courses": [
      "BIOL 210",
      "BIOL 230"
    ],
    "time": "10:00 AM - 01:00 PM",
    "location": "ISC"
  }
},
{
  "model": "tutoring.tutoringdailyschedule",
  "pk": 225,
  "fields": {
    "weekday": "Friday",
    "subject": "Computer Science",
    "courses": [
      "CIS 117",
      "CIS 254",
      "CIS 255"
    ],
    "time": "10:30 AM - 12:30 PM",
    "location": "Learning Center"
  }
},
{
  "model": "tutoring.tutoringdailyschedule",
  "pk": 226,
  "fields": {
    "weekday": "Friday",
    "subject": "Math",
    "courses": [
      "Math 251",
      "Math 252",
      "Math 275"
    ],
    "time": "10:30 AM - 12:30 PM",
    "location": "Learning Center"
  }
},
{
  "model": "tutoring.tutoringdailyschedule",
  "pk": 227,
  "fields": {
    "weekday": "Friday",
    "subject": "Physics",
    "courses": [
      "PHYS 250",
      "PHYS 260"
    ],
    "time": "10:30 AM - 12:30 PM",
    "location": "Learning Center"
  }
},
{
  "model": "tutoring.tutoringdailyschedule",
  "pk": 228,
  "fields": {
    "weekday": "Friday",
    "subject": "Engineering",
    "courses": [
      "ENGR 100"
    ],
    "time": "11:00 AM - 01:00 PM",
    "location": "ISC"
  }
},
{
  "model": "tutoring.tutoringdailyschedule",
  "pk": 229,
  "fields": {
    "weekday": "Friday",
    "subject": "Engineering",
    "courses": [
      "ENGR 100",
      "ENGR 210"
    ],
    "time": "11:00 AM - 01:00 PM",
    "location": "ISC"
  }
},
{
  "model": "tutoring.tutoringdailyschedule",
  "pk": 230,
  "fields": {
    "weekday": "Friday",
    "subject": "Math",
    "courses": [
      "MATH 251",
      "MATH 252",
      "MATH 253",
      "MATH 270",
      "MATH 275",
      "MATH 268"
    ],
    "time": "11:00 AM - 01:00 PM",
    "location": "ISC"
  }
},
{
  "model": "tutoring.tutoringdailyschedule",
  "pk": 231,
  "fields": {
    "weekday": "Friday",
    "subject": "Engineering",
    "courses": [
      "ENGR 100",
      "ENGR 215",
      "ENGR 270"
    ],
    "time": "11:00 AM - 01:00 PM",
    "location": "ISC"
  }
},
{
  "model": "tutoring.tutoringdailyschedule",
  "pk": 232,
  "fields": {
    "weekday": "Friday",
    "subject": "Physics",
    "courses": [
      "PHYS 250",
      "PHYS 270"
    ],
    "time": "11:00 AM - 01:00 PM",
    "location": "ISC"
  }
},
{
  "model": "tutoring.tutoringdailyschedule",
  "pk": 233,
  "fields": {
    "weekday": "Friday",
    "subject": "Math",
    "courses": [
      "MATH (up to 252)"
    ],
    "time": "11:00 AM - 01:00 PM",
    "location": "ISC"
  }
},
{
  "model": "tutoring.tutoringdailyschedule",
  "pk": 234,
  "fields": {
    "weekday": "Friday",
    "subject": "Math",
    "courses": [
      "Stats"
    ],
    "time": "11:00 AM - 01:00 PM",
    "location": "MRC"
  }
},
{
  "model": "tutoring.tutoringdailyschedule",
  "pk": 235,
  "fields": {
    "weekday": "Friday",
    "subject": "Math",
    "courses": [
      [
        "General Math",
        "Stats"
      ]
    ],
    "time": "11:30 AM - 02:30 PM",
    "location": "Learning Center"
  }
},
{
  "model": "tutoring.tutoringdailyschedule",
  "pk": 236,
  "fields": {
    "weekday": "Friday",
    "subject": "Physics",
    "courses": [
      "PHYS (Any)"
    ],
    "time": "11:30 AM - 02:30 PM",
    "location": "Learning Center"
  }
},
{
  "model": "tutoring.tutoringdailyschedule",
  "pk": 237,
  "fields": {
    "weekday": "Friday",
    "subject": "Computer Science",
    "courses": [
      "CIS 110",
      "CIS 117",
      "CIS 124",
      "CIS 254",
      "CIS 255"
    ],
    "time": "11:30 AM - 02:30 PM",
    "location": "Learning Center"
  }
},
{
  "model": "tutoring.tutoringdailyschedule",
  "pk": 238,
  "fields": {
    "weekday": "Friday",
    "subject": "Physics",
    "courses": [
      "PHYS 211",
      "PHYS 250",
      "PHYS 270"
    ],
    "time": "12:30 PM - 02:30 PM",
    "location": "Learning Center"
  }
},
{
  "model": "tutoring.tutoringdailyschedule",
  "pk": 239,
  "fields": {
    "weekday": "Friday",
    "subject": "Math",
    "courses": [
      "Math 251",
      "Math 252"
    ],
    "time": "12:30 PM - 02:30 PM",
    "location": "Learning Center"
  }
},
{
  "model": "tutoring.tutoringdailyschedule",
  "pk": 240,
  "fields": {
    "weekday": "Friday",
    "subject": "Chemistry",
    "courses": [
      "CHEM 210"
    ],
    "time": "12:30 PM - 02:30 PM",
    "location": "Learning Center"
  }
},
{
  "model": "tutoring.tutoringdailyschedule",
  "pk": 241,
  "fields": {
    "weekday": "Friday",
    "subject": "Economics",
    "courses": [
      "ECON 100",
      "ECON 102"
    ],
    "time": "01:00 PM - 02:30 PM",
    "location": "Learning Center"
  }
},
{
  "model": "tutoring.tutoringdailyschedule",
  "pk": 242,
  "fields": {
    "weekday": "Friday",
    "subject": "Accounting",
    "courses": [
      "ACTG 100",
      "ACTG 121",
      "ACTG 131"
    ],
    "time": "01:00 PM - 02:30 PM",
    "location": "Learning Center"
  }
},
{
  "model": "tutoring.tutoringdailyschedule",
  "pk": 243,
  "fields": {
    "weekday": "Friday",
    "subject": "Business",
    "courses": [
      "BUS 123"
    ],
    "time": "01:00 PM - 02:30 PM",
    "location": "Learning Center"
  }
},
{
  "model": "clubs.clubinfo",
  "pk": 1,
  "fields": {
    "name": "CSM Robotics Club",
    "day": "Fridays",
    "time": "09:00 AM - 10:00 AM",
    "location": "Library Makerspace (Bldg 9)",
    "advisors": [
      "Jose Gutierrez"
    ],
    "advisors_email": [
      "gutierrezj@smccd.edu"
    ]
  }
},
{
  "model": "clubs.clubinfo",
  "pk": 2,
  "fields": {
    "name": "Vietnames Students Association",
    "day": "2nd and 4th Tuesdays",
    "time": "10:00 AM - 11:00 AM",
    "location": "Bldg 17 at 146",
    "advisors": [
      "Philip Tran"
    ],
    "advisors_email": [
      "tranph@smccd.edu"
    ]
  }
},
{
  "model": "clubs.clubinfo",
  "pk": 3,
  "fields": {
    "name": "AI Club",
    "day": "Thursdays",
    "time": "11:00 AM - 12:00 PM",
    "location": "Bldg 17 at 146",
    "advisors": [
      "Joshua Rhodes"
    ],
    "advisors_email": [
      "rhodesj@smccd.edu"
    ]
  }
},
{
  "model": "clubs.clubinfo",
  "pk": 4,
  "fields": {
    "name": "Rights to All Immigrants Network",
    "day": "1st and 3rd Tuesdays",
    "time": "11:00 AM - 12:00 PM",
    "location": "Bldg 14 at 104",
    "advisors": [
      "Madeleine Murphy"
    ],
    "advisors_email": [
      "murphym@smccd.edu"
    ]
  }
},
{
  "model": "clubs.clubinfo",
  "pk": 5,
  "fields": {
    "name": "CSM Democrats",
    "day": "Mondays",
    "time": "11:10 AM - 12:00 PM",
    "location": "Bldg 10 at 421",
    "advisors": [
      "Lee Miller"
    ],
    "advisors_email": [
      "millerlee@smccd.edu"
    ]
  }
},
{
  "model": "clubs.clubinfo",
  "pk": 6,
  "fields": {
    "name": "Operation Smile",
    "day": "Mondays",
    "time": "11:10 AM - 12:00 PM",
    "location": "Bldg 12 at 209",
    "advisors": [
      "Vincent Fitzgerald"
    ],
    "advisors_email": [
      "fitzgeraldv@smccd.edu"
    ]
  }
},
{
  "model": "clubs.clubinfo",
  "pk": 7,
  "fields": {
    "name": "Girls Who Code",
    "day": "Wednesdays",
    "time": "11:30 AM - 12:30 PM",
    "location": "Bldg 14 at 201",
    "advisors": [
      "Hellen Pacheco"
    ],
    "advisors_email": [
      "pachecoh@smccd.edu"
    ]
  }
},
{
  "model": "clubs.clubinfo",
  "pk": 8,
  "fields": {
    "name": "Folkloric Dance and Culture Club",
    "day": "Fridays",
    "time": "12:00 PM - 01:00 PM",
    "location": "Bldg 17 at The Village",
    "advisors": [
      "Jesenia Diaz"
    ],
    "advisors_email": [
      "diazj@smccd.edu"
    ]
  }
},
{
  "model": "clubs.clubinfo",
  "pk": 9,
  "fields": {
    "name": "CSM Coastside Club",
    "day": "Tuesdays",
    "time": "12:00 PM - 01:00 PM",
    "location": "Bldg 17 at 146",
    "advisors": [
      "Andrea Vizenor"
    ],
    "advisors_email": [
      "vizenora@smccd.edu"
    ]
  }
},
{
  "model": "clubs.clubinfo",
  "pk": 10,
  "fields": {
    "name": "Brothers Empowering Brothers",
    "day": "Fridays",
    "time": "12:00 PM - 02:00 PM",
    "location": "Bldg 17 at 146",
    "advisors": [
      "Warren Shelby",
      "Andy Gomez",
      "Manuel Delgado"
    ],
    "advisors_email": [
      "shelbyw@smccd.edu",
      "gomezandy@smccd.edu",
      "delgadom@smccd.edu"
    ]
  }
},
{
  "model": "clubs.clubinfo",
  "pk": 11,
  "fields": {
    "name": "CSM Arts Club",
    "day": "Wednesdays",
    "time": "12:15 PM - 01:00 PM",
    "location": "Bldg 4 at 111",
    "advisors": [
      "Aina Ferrer Clotas"
    ],
    "advisors_email": [
      "ferrerclotasa@smccd.edu"
    ]
  }
},
{
  "model": "clubs.clubinfo",
  "pk": 12,
  "fields": {
    "name": "Puente Latinx Club",
    "day": "Fridays",
    "time": "12:30 PM - 01:30 PM",
    "location": "Bldg 17 at The Village",
    "advisors": [
      "Dulce Martinez Luna",
      "Anthony Scoggins"
    ],
    "advisors_email": [
      "martinezlunad@smccd.edu",
      "scogginsa@smccd.edu"
    ]
  }
},
{
  "model": "clubs.clubinfo",
  "pk": 13,
  "fields": {
    "name": "Transfer Club",
    "day": "2nd and 4th Mondays",
    "time": "12:30 PM - 01:30 PM",
    "location": "Bldg 10 at 340",
    "advisors": [
      "Mike Mitchell",
      "Sharon Quach"
    ],
    "advisors_email": [
      "mitchellm@smccd.edu",
      "quachs@smccd.edu"
    ]
  }
},
{
  "model": "clubs.clubinfo",
  "pk": 14,
  "fields": {
    "name": "Transfer Club",
    "day": "1st and 3rd Mondays",
    "time": "12:30 PM - 01:30 PM",
    "location": "Bldg 17 at 112",
    "advisors": [
      "Mike Mitchell",
      "Sharon Quach"
    ],
    "advisors_email": [
      "mitchellm@smccd.edu",
      "quachs@smccd.edu"
    ]
  }
},
{
  "model": "clubs.clubinfo",
  "pk": 15,
  "fields": {
    "name": "Brazilian Club",
    "day": "Tuesdays",
    "time": "12:30 PM - 01:30 PM",
    "location": "CSM Multicultural Center (Bldg 18 at 112)",
    "advisors": [
      "Liz Schuler"
    ],
    "advisors_email": [
      "schuler@smccd.edu"
    ]
  }
},
{
  "model": "clubs.clubinfo",
  "pk": 16,
  "fields": {
    "name": "Student Veterans of America",
    "day": "Wednesdays",
    "time": "01:00 PM - 02:00 PM",
    "location": "Bldg 16 at 150",
    "advisors": [
      "Marcos Baluyut-Hand",
      "Daniel Rhyne"
    ],
    "advisors_email": [
      "baluyuthandm@smccd.edu",
      "rhyned@smccd.edu"
    ]
  }
},
{
  "model": "clubs.clubinfo",
  "pk": 17,
  "fields": {
    "name": "Math Club",
    "day": "Wednesdays",
    "time": "01:00 PM - 02:30 PM",
    "location": "Bldg 18 at 307",
    "advisors": [
      "Shawn Westmoreland"
    ],
    "advisors_email": [
      "westmorelands@smccd.edu"
    ]
  }
},
{
  "model": "clubs.clubinfo",
  "pk": 18,
  "fields": {
    "name": "Phi Theta Kappa",
    "day": "Mondays",
    "time": "01:10 PM - 02:00 PM",
    "location": "Bldg 17 at 146",
    "advisors": [
      "Jennifer Howze-Owens"
    ],
    "advisors_email": [
      "howzeowensj@smccd.edu"
    ]
  }
},
{
  "model": "clubs.clubinfo",
  "pk": 19,
  "fields": {
    "name": "Mulsim Students Association",
    "day": "Thursdays",
    "time": "01:10 PM - 02:10 PM",
    "location": "Bldg 19 at 107",
    "advisors": [
      "Heidi Pereira"
    ],
    "advisors_email": [
      "pereirah@smccd.edu"
    ]
  }
},
{
  "model": "clubs.clubinfo",
  "pk": 20,
  "fields": {
    "name": "Sista2Sista",
    "day": "Fridays",
    "time": "02:00 PM - 03:00 PM",
    "location": "Bldg 17 at 101",
    "advisors": [
      "Brittney Sneed",
      "Tasia Scott"
    ],
    "advisors_email": [
      "sneedb@smccd.edu",
      "scottt@smccd.edu"
    ]
  }
},
{
  "model": "clubs.clubinfo",
  "pk": 21,
  "fields": {
    "name": "Harm Reduction Society",
    "day": "Wednesdays",
    "time": "02:00 PM - 03:00 PM",
    "location": "Bldg 5 at 339",
    "advisors": [
      "Gil Perez",
      "Johnny Leon"
    ],
    "advisors_email": [
      "perezgil@smccd.edu",
      "leonj@smccd.edu"
    ]
  }
},
{
  "model": "clubs.clubinfo",
  "pk": 22,
  "fields": {
    "name": "RecForVets",
    "day": "Wednesdays",
    "time": "02:00 PM - 03:00 PM",
    "location": "Bldg 16 at 150",
    "advisors": [
      "Marcos Baluyut-Hand"
    ],
    "advisors_email": [
      "baluyuthandm@smccd.edu"
    ]
  }
},
{
  "model": "clubs.clubinfo",
  "pk": 23,
  "fields": {
    "name": "Creative Writing Club",
    "day": "Thursdays",
    "time": "02:00 PM - 03:00 PM",
    "location": "Bldg 16 at 205",
    "advisors": [
      "Tim Maxwell"
    ],
    "advisors_email": [
      "maxwellt@smccd.edu"
    ]
  }
},
{
  "model": "clubs.clubinfo",
  "pk": 24,
  "fields": {
    "name": "Katipunan Student Club",
    "day": "Thursdays",
    "time": "02:00 PM - 03:00 PM",
    "location": "Bldg 17 at The Village",
    "advisors": [
      "Abby Mallari"
    ],
    "advisors_email": [
      "mallaria@smccd.edu"
    ]
  }
},
{
  "model": "clubs.clubinfo",
  "pk": 25,
  "fields": {
    "name": "Neuroscience and Nuerotechnology Club",
    "day": "Fridays",
    "time": "02:10 PM - 03:00 PM",
    "location": "Bldg 36 at ISC Computer Lab (110)",
    "advisors": [
      "Erica Yoon"
    ],
    "advisors_email": [
      "yoone@smccd.edu"
    ]
  }
},
{
  "model": "clubs.clubinfo",
  "pk": 26,
  "fields": {
    "name": "Psychology Club",
    "day": "Tuesdays",
    "time": "02:30 PM - 03:30 PM",
    "location": "Bldg 10 at 192",
    "advisors": [
      "Erica Yoon"
    ],
    "advisors_email": [
      "yoone@smccd.edu"
    ]
  }
},
{
  "model": "clubs.clubinfo",
  "pk": 27,
  "fields": {
    "name": "Computer Science Club",
    "day": "1st and 3rd Tuesdays",
    "time": "02:30 PM - 03:30 PM",
    "location": "Bldg 14 at 205",
    "advisors": [
      "Hellen Pacheco"
    ],
    "advisors_email": [
      "pachecoh@smccd.edu"
    ]
  }
},
{
  "model": "clubs.clubinfo",
  "pk": 28,
  "fields": {
    "name": "Chinese Scholars and Students Association",
    "day": "Tuesdays",
    "time": "03:00 PM - 04:00 PM",
    "location": "Bldg 10 at 390",
    "advisors": [
      "Elinor Westfold",
      "Manasi Devdhar-Mane"
    ],
    "advisors_email": [
      "westfolde@smccd.edu",
      "devdharmanem@smccd.edu"
    ]
  }
},
{
  "model": "clubs.clubinfo",
  "pk": 29,
  "fields": {
    "name": "Volunteer Club",
    "day": "Tuesdays",
    "time": "03:15 PM - 04:00 PM",
    "location": "Bldg 17 at 101",
    "advisors": [
      "Jeff Flowers"
    ],
    "advisors_email": [
      "flowersj@smccd.edu"
    ]
  }
},
{
  "model": "clubs.clubinfo",
  "pk": 30,
  "fields": {
    "name": "International Students Association",
    "day": "Wednesdays",
    "time": "03:30 PM - 04:30 PM",
    "location": "Bldg 10 at 390",
    "advisors": [
      "Olivia White"
    ],
    "advisors_email": [
      "whiteo@smccd.edu"
    ]
  }
},
{
  "model": "clubs.clubinfo",
  "pk": 31,
  "fields": {
    "name": "Writers' Project",
    "day": "Thursdays",
    "time": "03:30 PM - 04:30 PM",
    "location": "Bldg 17 at 101",
    "advisors": [
      "Sarah Mangin",
      "David Laderman"
    ],
    "advisors_email": [
      "mangins@smccd.edu",
      "laderman@smccd.edu"
    ]
  }
},
{
  "model": "clubs.clubinfo",
  "pk": 32,
  "fields": {
    "name": "Film and Production Club",
    "day": "Tuesdays",
    "time": "04:00 PM - 05:00 PM",
    "location": "Bldg 10 at 191",
    "advisors": [
      "David Laderman"
    ],
    "advisors_email": [
      "laderman@smccd.edu"
    ]
  }
},
{
  "model": "clubs.clubinfo",
  "pk": 33,
  "fields": {
    "name": "CSM Entrepeneurship Club",
    "day": "1st and 3rd Thursdays",
    "time": "04:00 PM - 05:00 PM",
    "location": "Bldg 10 at 191",
    "advisors": [
      "Lale Yurtseven"
    ],
    "advisors_email": [
      "yurtsevenl@smccd.edu"
    ]
  }
},
{
  "model": "clubs.clubinfo",
  "pk": 34,
  "fields": {
    "name": "Burmese Student Association",
    "day": "Thursdays",
    "time": "04:00 PM - 06:00 PM",
    "location": "Bldg 10 at 192",
    "advisors": [
      "Silvana Grima"
    ],
    "advisors_email": [
      "grimas@smccd.edu"
    ]
  }
},
{
  "model": "clubs.clubinfo",
  "pk": 35,
  "fields": {
    "name": "Medical Scholars",
    "day": "Wednesdays",
    "time": "04:00 PM - 05:00 PM",
    "location": "Bldg 36 at 223",
    "advisors": [
      "Javier Silva",
      "Krista Bailey"
    ],
    "advisors_email": [
      "silvaj@smccd.edu",
      "baileyk@smccd.edu"
    ]
  }
},
{
  "model": "clubs.clubinfo",
  "pk": 36,
  "fields": {
    "name": "CSM Gaming Club",
    "day": "Tuesdays",
    "time": "05:00 PM - 06:00 PM",
    "location": "Bldg 18 at 201",
    "advisors": [
      "Joshua Rhodes"
    ],
    "advisors_email": [
      "rhodesj@smccd.edu"
    ]
  }
}
]
