[
{
  "model": "admin.logentry",
  "pk": 1,
  "fields": {
    "action_time": "2025-04-19T12:08:46.741Z",
    "user": 1,
    "content_type": 7,
    "object_id": "1",
    "object_repr": "Avaliable to take away",
    "action_flag": 1,
    "change_message": "[{\"added\": {}}]"
  }
},
{
  "model": "admin.logentry",
  "pk": 2,
  "fields": {
    "action_time": "2025-04-19T12:18:50.845Z",
    "user": 1,
    "content_type": 4,
    "object_id": "2",
    "object_repr": "MRC",
    "action_flag": 1,
    "change_message": "[{\"added\": {}}]"
  }
},
{
  "model": "admin.logentry",
  "pk": 3,
  "fields": {
    "action_time": "2025-04-19T12:19:00.038Z",
    "user": 1,
    "content_type": 9,
    "object_id": "1",
    "object_repr": "MRC",
    "action_flag": 1,
    "change_message": "[{\"added\": {}}]"
  }
},
{
  "model": "admin.logentry",
  "pk": 4,
  "fields": {
    "action_time": "2025-04-19T12:24:36.577Z",
    "user": 1,
    "content_type": 4,
    "object_id": "2",
    "object_repr": "MRC",
    "action_flag": 2,
    "change_message": "[{\"changed\": {\"fields\": [\"password\"]}}]"
  }
},
{
  "model": "admin.logentry",
  "pk": 5,
  "fields": {
    "action_time": "2025-04-19T12:24:59.085Z",
    "user": 1,
    "content_type": 4,
    "object_id": "2",
    "object_repr": "MRC",
    "action_flag": 2,
    "change_message": "[{\"changed\": {\"fields\": [\"password\"]}}]"
  }
},
{
  "model": "admin.logentry",
  "pk": 6,
  "fields": {
    "action_time": "2025-04-19T12:57:40.582Z",
    "user": 1,
    "content_type": 8,
    "object_id": "1",
    "object_repr": "Item object (1)",
    "action_flag": 1,
    "change_message": "[{\"added\": {}}]"
  }
},
{
  "model": "admin.logentry",
  "pk": 7,
  "fields": {
    "action_time": "2025-04-19T12:57:45.941Z",
    "user": 1,
    "content_type": 8,
    "object_id": "1",
    "object_repr": "Item object (1)",
    "action_flag": 2,
    "change_message": "[]"
  }
},
{
  "model": "admin.logentry",
  "pk": 8,
  "fields": {
    "action_time": "2025-04-19T12:57:58.259Z",
    "user": 1,
    "content_type": 8,
    "object_id": "2",
    "object_repr": "Item object (2)",
    "action_flag": 1,
    "change_message": "[{\"added\": {}}]"
  }
},
{
  "model": "admin.logentry",
  "pk": 9,
  "fields": {
    "action_time": "2025-04-20T18:10:15.923Z",
    "user": 1,
    "content_type": 7,
    "object_id": "2",
    "object_repr": "International Student Only",
    "action_flag": 1,
    "change_message": "[{\"added\": {}}]"
  }
},
{
  "model": "admin.logentry",
  "pk": 10,
  "fields": {
    "action_time": "2025-04-20T18:10:19.005Z",
    "user": 1,
    "content_type": 8,
    "object_id": "2",
    "object_repr": "Item object (2)",
    "action_flag": 2,
    "change_message": "[{\"changed\": {\"fields\": [\"Tags\"]}}]"
  }
},
{
  "model": "admin.logentry",
  "pk": 11,
  "fields": {
    "action_time": "2025-04-20T18:11:09.400Z",
    "user": 1,
    "content_type": 8,
    "object_id": "2",
    "object_repr": "Item object (2)",
    "action_flag": 2,
    "change_message": "[{\"changed\": {\"fields\": [\"Tags\"]}}]"
  }
},
{
  "model": "admin.logentry",
  "pk": 12,
  "fields": {
    "action_time": "2025-04-22T07:47:44.962Z",
    "user": 1,
    "content_type": 4,
    "object_id": "3",
    "object_repr": "LRC",
    "action_flag": 1,
    "change_message": "[{\"added\": {}}]"
  }
},
{
  "model": "admin.logentry",
  "pk": 13,
  "fields": {
    "action_time": "2025-04-22T07:47:47.476Z",
    "user": 1,
    "content_type": 9,
    "object_id": "2",
    "object_repr": "Learning Center",
    "action_flag": 1,
    "change_message": "[{\"added\": {}}]"
  }
},
{
  "model": "admin.logentry",
  "pk": 14,
  "fields": {
    "action_time": "2025-04-22T07:49:02.518Z",
    "user": 1,
    "content_type": 11,
    "object_id": "1",
    "object_repr": "Room object (1)",
    "action_flag": 1,
    "change_message": "[{\"added\": {}}]"
  }
},
{
  "model": "admin.logentry",
  "pk": 15,
  "fields": {
    "action_time": "2025-04-22T09:03:09.066Z",
    "user": 1,
    "content_type": 11,
    "object_id": "1",
    "object_repr": "Room B",
    "action_flag": 2,
    "change_message": "[]"
  }
},
{
  "model": "admin.logentry",
  "pk": 16,
  "fields": {
    "action_time": "2025-04-22T09:03:27.216Z",
    "user": 1,
    "content_type": 11,
    "object_id": "2",
    "object_repr": "Room C",
    "action_flag": 1,
    "change_message": "[{\"added\": {}}]"
  }
},
{
  "model": "admin.logentry",
  "pk": 17,
  "fields": {
    "action_time": "2025-04-22T09:13:07.144Z",
    "user": 1,
    "content_type": 11,
    "object_id": "2",
    "object_repr": "Room C",
    "action_flag": 2,
    "change_message": "[{\"changed\": {\"fields\": [\"Status\"]}}]"
  }
},
{
  "model": "admin.logentry",
  "pk": 18,
  "fields": {
    "action_time": "2025-04-22T09:17:57.623Z",
    "user": 1,
    "content_type": 8,
    "object_id": "2",
    "object_repr": "Item object (2)",
    "action_flag": 2,
    "change_message": "[{\"changed\": {\"fields\": [\"Status\"]}}]"
  }
},
{
  "model": "admin.logentry",
  "pk": 19,
  "fields": {
    "action_time": "2025-04-22T09:19:17.116Z",
    "user": 1,
    "content_type": 8,
    "object_id": "1",
    "object_repr": "Item object (1)",
    "action_flag": 2,
    "change_message": "[{\"changed\": {\"fields\": [\"Status\"]}}]"
  }
},
{
  "model": "auth.user",
  "pk": 1,
  "fields": {
    "password": "pbkdf2_sha256$1000000$NoLF1yd1kb5HnOKr1t1qou$BpwDzFxsVi2SH0WD+JHhrygFhEqclfoTGbg8W0F040c=",
    "last_login": "2025-04-24T05:47:28.140Z",
    "is_superuser": true,
    "username": "liyixin",
    "first_name": "",
    "last_name": "",
    "email": "slimebathtub@gmail.com",
    "is_staff": true,
    "is_active": true,
    "date_joined": "2025-04-19T12:04:06.010Z",
    "groups": [],
    "user_permissions": []
  }
},
{
  "model": "auth.user",
  "pk": 2,
  "fields": {
    "password": "pbkdf2_sha256$1000000$JVxZofZUzMAru8nkViwJzt$D+8x7OCEfLuRftvYPWJCAlhXle5FQLllGoeq0wsy9Rc=",
    "last_login": "2025-04-19T12:59:04.303Z",
    "is_superuser": false,
    "username": "MRC",
    "first_name": "",
    "last_name": "",
    "email": "",
    "is_staff": false,
    "is_active": true,
    "date_joined": "2025-04-19T12:18:50.466Z",
    "groups": [],
    "user_permissions": []
  }
},
{
  "model": "auth.user",
  "pk": 3,
  "fields": {
    "password": "pbkdf2_sha256$1000000$OCubzvXac6gdr1f0XXYK6z$0ByJ1KYZpYGYjWZJmwmP4S9jIvciWsXqc8NDhPrrfq8=",
    "last_login": null,
    "is_superuser": false,
    "username": "LRC",
    "first_name": "",
    "last_name": "",
    "email": "",
    "is_staff": false,
    "is_active": true,
    "date_joined": "2025-04-22T07:47:44.526Z",
    "groups": [],
    "user_permissions": []
  }
},
{
  "model": "sessions.session",
  "pk": "3ne5aawyeo4ftbaggsyvb2hp5o0o6t5v",
  "fields": {
    "session_data": ".eJxVjDsOAiEUAO9CbQjI39LeMxAe7yGrBpJltzLe3ZBsoe3MZN4spn2rcR-0xgXZhUl2-mWQ8pPaFPhI7d557m1bF-Az4Ycd_NaRXtej_RvUNOrcopfB-iBCRmWwFLJGy4zki8lndE4FQxagCNAeUKIqKQgNwdmiyRv2-QLunzhY:1u78Jk:4VC9bmW3v8D9MYzynNcJu477VLreMGTP_5jX_UspD4c",
    "expire_date": "2025-05-06T07:45:20.637Z"
  }
},
{
  "model": "sessions.session",
  "pk": "7q62vrp9eq4ny6byct5yan81c4mvt4ir",
  "fields": {
    "session_data": ".eJxVjDsOAiEUAO9CbQjI39LeMxAe7yGrBpJltzLe3ZBsoe3MZN4spn2rcR-0xgXZhUl2-mWQ8pPaFPhI7d557m1bF-Az4Ycd_NaRXtej_RvUNOrcopfB-iBCRmWwFLJGy4zki8lndE4FQxagCNAeUKIqKQgNwdmiyRv2-QLunzhY:1u7pQm:LVXBIHgWNZUzBgNoic213XFT7muBN_E8Sw8_VNQkFco",
    "expire_date": "2025-05-08T05:47:28.142Z"
  }
},
{
  "model": "core.center",
  "pk": 1,
  "fields": {
    "name": "MRC",
    "user": 2
  }
},
{
  "model": "core.center",
  "pk": 2,
  "fields": {
    "name": "Learning Center",
    "user": 3
  }
},
{
  "model": "resources.tag",
  "pk": 1,
  "fields": {
    "name": "Avaliable to take away"
  }
},
{
  "model": "resources.tag",
  "pk": 2,
  "fields": {
    "name": "International Student Only"
  }
},
{
  "model": "resources.tag",
  "pk": 3,
  "fields": {
    "name": "Testing"
  }
},
{
  "model": "resources.tag",
  "pk": 4,
  "fields": {
    "name": "Cool"
  }
},
{
  "model": "resources.tag",
  "pk": 5,
  "fields": {
    "name": "gay"
  }
},
{
  "model": "resources.tag",
  "pk": 6,
  "fields": {
    "name": "Pi"
  }
},
{
  "model": "resources.item",
  "pk": 1,
  "fields": {
    "name": "White Board",
    "location": 1,
    "status": "available",
    "tags": [
      1,
      2
    ]
  }
},
{
  "model": "resources.item",
  "pk": 2,
  "fields": {
    "name": "Paper",
    "location": 1,
    "status": "available",
    "tags": [
      1,
      2
    ]
  }
},
{
  "model": "resources.item",
  "pk": 6,
  "fields": {
    "name": "Random",
    "location": 1,
    "status": "available",
    "tags": [
      2,
      3
    ]
  }
},
{
  "model": "resources.item",
  "pk": 9,
  "fields": {
    "name": "Matthew",
    "location": 1,
    "status": "unavailable",
    "tags": [
      3,
      4,
      5,
      6
    ]
  }
},
{
  "model": "rooms.room",
  "pk": 1,
  "fields": {
    "name": "Room B",
    "location": 2,
    "status": "unavailable",
    "capacity": 10
  }
},
{
  "model": "rooms.room",
  "pk": 2,
  "fields": {
    "name": "Room C",
    "location": 2,
    "status": "unavailable",
    "capacity": 9
  }
},
{
  "model": "tutoring.tutoringdailyschedule",
  "pk": 77,
  "fields": {
    "weekday": "Monday",
    "subject": "Math",
    "courses": [
      "General Math"
    ],
    "time": "08:00 AM - 10:30 AM",
    "location": "MRC"
  }
},
{
  "model": "tutoring.tutoringdailyschedule",
  "pk": 78,
  "fields": {
    "weekday": "Monday",
    "subject": "Math",
    "courses": [
      "MATH (up to 253)"
    ],
    "time": "09:00 AM - 12:00 PM",
    "location": "ISC"
  }
},
{
  "model": "tutoring.tutoringdailyschedule",
  "pk": 79,
  "fields": {
    "weekday": "Monday",
    "subject": "Engineering",
    "courses": [
      "ENGR 215",
      "ENGR 260"
    ],
    "time": "09:00 AM - 12:00 PM",
    "location": "ISC"
  }
},
{
  "model": "tutoring.tutoringdailyschedule",
  "pk": 80,
  "fields": {
    "weekday": "Monday",
    "subject": "Biology",
    "courses": [
      "BIOL 130",
      "BIOL 240",
      "BIOL 250",
      "BIOL 260"
    ],
    "time": "10:00 AM - 12:00 PM",
    "location": "Learning Center"
  }
},
{
  "model": "tutoring.tutoringdailyschedule",
  "pk": 81,
  "fields": {
    "weekday": "Monday",
    "subject": "Math",
    "courses": [
      "Stats",
      "General Math"
    ],
    "time": "10:30 AM - 03:00 PM",
    "location": "MRC"
  }
},
{
  "model": "tutoring.tutoringdailyschedule",
  "pk": 82,
  "fields": {
    "weekday": "Monday",
    "subject": "Math",
    "courses": [
      "MATH (up to 252)"
    ],
    "time": "11:00 AM - 02:00 PM",
    "location": "ISC"
  }
},
{
  "model": "tutoring.tutoringdailyschedule",
  "pk": 83,
  "fields": {
    "weekday": "Monday",
    "subject": "Engineering",
    "courses": [
      "ENGR 100",
      "ENGR 215",
      "ENGR 270"
    ],
    "time": "11:00 AM - 02:00 PM",
    "location": "ISC"
  }
},
{
  "model": "tutoring.tutoringdailyschedule",
  "pk": 84,
  "fields": {
    "weekday": "Monday",
    "subject": "Computer Science",
    "courses": [
      "CIS 110",
      "CIS 117",
      "CIS 124",
      "CIS 254",
      "CIS 255"
    ],
    "time": "11:30 AM - 02:30 PM",
    "location": "Learning Center"
  }
},
{
  "model": "tutoring.tutoringdailyschedule",
  "pk": 85,
  "fields": {
    "weekday": "Monday",
    "subject": "Physics",
    "courses": [
      "PHYS (Any)"
    ],
    "time": "11:30 AM - 02:30 PM",
    "location": "Learning Center"
  }
},
{
  "model": "tutoring.tutoringdailyschedule",
  "pk": 86,
  "fields": {
    "weekday": "Monday",
    "subject": "Math",
    "courses": [
      [
        "General Math",
        "Stats"
      ]
    ],
    "time": "11:30 AM - 02:30 PM",
    "location": "Learning Center"
  }
},
{
  "model": "tutoring.tutoringdailyschedule",
  "pk": 87,
  "fields": {
    "weekday": "Monday",
    "subject": "Spanish",
    "courses": [
      "SPAN 110"
    ],
    "time": "12:30 PM - 02:30 PM",
    "location": "Learning Center"
  }
},
{
  "model": "tutoring.tutoringdailyschedule",
  "pk": 88,
  "fields": {
    "weekday": "Monday",
    "subject": "Astronomy",
    "courses": [
      "ASTR 100",
      "ASTR 101"
    ],
    "time": "12:30 PM - 02:30 PM",
    "location": "Learning Center"
  }
},
{
  "model": "tutoring.tutoringdailyschedule",
  "pk": 89,
  "fields": {
    "weekday": "Monday",
    "subject": "Math",
    "courses": [
      "MATH 145"
    ],
    "time": "12:30 PM - 03:00 PM",
    "location": "Learning Center"
  }
},
{
  "model": "tutoring.tutoringdailyschedule",
  "pk": 90,
  "fields": {
    "weekday": "Monday",
    "subject": "Communications",
    "courses": [
      "COMM 130"
    ],
    "time": "12:30 PM - 03:00 PM",
    "location": "Learning Center"
  }
},
{
  "model": "tutoring.tutoringdailyschedule",
  "pk": 91,
  "fields": {
    "weekday": "Monday",
    "subject": "Communications",
    "courses": [
      "COMM 130"
    ],
    "time": "12:30 PM - 02:30 PM",
    "location": "Learning Center"
  }
},
{
  "model": "tutoring.tutoringdailyschedule",
  "pk": 92,
  "fields": {
    "weekday": "Monday",
    "subject": "Psychology",
    "courses": [
      "PSYCH 110"
    ],
    "time": "12:30 PM - 02:30 PM",
    "location": "Learning Center"
  }
},
{
  "model": "tutoring.tutoringdailyschedule",
  "pk": 93,
  "fields": {
    "weekday": "Monday",
    "subject": "Biology",
    "courses": [
      "BIOL 130",
      "BIOL 240",
      "BIOL 250",
      "BIOL 260"
    ],
    "time": "01:00 PM - 06:00 PM",
    "location": "Learning Center"
  }
},
{
  "model": "tutoring.tutoringdailyschedule",
  "pk": 94,
  "fields": {
    "weekday": "Monday",
    "subject": "Computer Science",
    "courses": [
      "CIS 117",
      "CIS 254",
      "CIS 255"
    ],
    "time": "01:00 PM - 04:00 PM",
    "location": "Learning Center"
  }
},
{
  "model": "tutoring.tutoringdailyschedule",
  "pk": 95,
  "fields": {
    "weekday": "Monday",
    "subject": "Math",
    "courses": [
      "Math 251",
      "Math 252",
      "Math 275"
    ],
    "time": "01:00 PM - 04:00 PM",
    "location": "Learning Center"
  }
},
{
  "model": "tutoring.tutoringdailyschedule",
  "pk": 96,
  "fields": {
    "weekday": "Monday",
    "subject": "Physics",
    "courses": [
      "PHYS 250",
      "PHYS 260"
    ],
    "time": "01:00 PM - 04:00 PM",
    "location": "Learning Center"
  }
},
{
  "model": "tutoring.tutoringdailyschedule",
  "pk": 97,
  "fields": {
    "weekday": "Monday",
    "subject": "Math",
    "courses": [
      "Math 200"
    ],
    "time": "02:00 PM - 04:00 PM",
    "location": "Learning Center"
  }
},
{
  "model": "tutoring.tutoringdailyschedule",
  "pk": 98,
  "fields": {
    "weekday": "Monday",
    "subject": "Chemistry",
    "courses": [
      "CHEM (Any)"
    ],
    "time": "02:00 PM - 05:00 PM",
    "location": "ISC"
  }
},
{
  "model": "tutoring.tutoringdailyschedule",
  "pk": 99,
  "fields": {
    "weekday": "Monday",
    "subject": "Biology",
    "courses": [
      "BIOL 210",
      "BIOL 230"
    ],
    "time": "02:00 PM - 05:00 PM",
    "location": "ISC"
  }
},
{
  "model": "tutoring.tutoringdailyschedule",
  "pk": 100,
  "fields": {
    "weekday": "Monday",
    "subject": "Physics",
    "courses": [
      "PHYS 210",
      "PHYS 250"
    ],
    "time": "02:00 PM - 05:00 PM",
    "location": "ISC"
  }
},
{
  "model": "tutoring.tutoringdailyschedule",
  "pk": 101,
  "fields": {
    "weekday": "Monday",
    "subject": "Physics",
    "courses": [
      "PHYS 250",
      "PHYS 260",
      "PHYS 270"
    ],
    "time": "02:30 PM - 05:00 PM",
    "location": "Learning Center"
  }
},
{
  "model": "tutoring.tutoringdailyschedule",
  "pk": 102,
  "fields": {
    "weekday": "Monday",
    "subject": "Math",
    "courses": [
      "Math 253",
      "Math 275"
    ],
    "time": "02:30 PM - 05:00 PM",
    "location": "Learning Center"
  }
},
{
  "model": "tutoring.tutoringdailyschedule",
  "pk": 103,
  "fields": {
    "weekday": "Monday",
    "subject": "Computer Science",
    "courses": [
      "CIS 117",
      "CIS 124",
      "CIS 254",
      "CIS 255",
      "CIS 256",
      "CIS 264"
    ],
    "time": "02:30 PM - 05:00 PM",
    "location": "Learning Center"
  }
},
{
  "model": "tutoring.tutoringdailyschedule",
  "pk": 104,
  "fields": {
    "weekday": "Monday",
    "subject": "Math",
    "courses": [
      "General Math"
    ],
    "time": "03:00 PM - 05:00 PM",
    "location": "MRC"
  }
},
{
  "model": "tutoring.tutoringdailyschedule",
  "pk": 105,
  "fields": {
    "weekday": "Monday",
    "subject": "Accounting",
    "courses": [
      "ACTG 100",
      "ACTG 121",
      "ACTG 131"
    ],
    "time": "04:00 PM - 06:30 PM",
    "location": "Learning Center"
  }
},
{
  "model": "tutoring.tutoringdailyschedule",
  "pk": 106,
  "fields": {
    "weekday": "Monday",
    "subject": "Business",
    "courses": [
      "BUS 123"
    ],
    "time": "04:00 PM - 06:30 PM",
    "location": "Learning Center"
  }
},
{
  "model": "tutoring.tutoringdailyschedule",
  "pk": 107,
  "fields": {
    "weekday": "Monday",
    "subject": "Economics",
    "courses": [
      "ECON 100",
      "ECON 102"
    ],
    "time": "04:00 PM - 06:30 PM",
    "location": "Learning Center"
  }
},
{
  "model": "tutoring.tutoringdailyschedule",
  "pk": 108,
  "fields": {
    "weekday": "Tuesday",
    "subject": "Math",
    "courses": [
      "Stats"
    ],
    "time": "08:00 AM - 09:00 AM",
    "location": "MRC"
  }
},
{
  "model": "tutoring.tutoringdailyschedule",
  "pk": 109,
  "fields": {
    "weekday": "Tuesday",
    "subject": "Math",
    "courses": [
      "General Math",
      "Stats"
    ],
    "time": "09:00 AM - 10:00 AM",
    "location": "MRC"
  }
},
{
  "model": "tutoring.tutoringdailyschedule",
  "pk": 110,
  "fields": {
    "weekday": "Tuesday",
    "subject": "Math",
    "courses": [
      "MATH (up to 253)"
    ],
    "time": "09:00 AM - 12:00 PM",
    "location": "ISC"
  }
},
{
  "model": "tutoring.tutoringdailyschedule",
  "pk": 111,
  "fields": {
    "weekday": "Tuesday",
    "subject": "Engineering",
    "courses": [
      "ENGR 100",
      "ENGR 210"
    ],
    "time": "09:00 AM - 12:00 PM",
    "location": "ISC"
  }
},
{
  "model": "tutoring.tutoringdailyschedule",
  "pk": 112,
  "fields": {
    "weekday": "Tuesday",
    "subject": "Math",
    "courses": [
      "General Math"
    ],
    "time": "10:00 AM - 11:00 AM",
    "location": "MRC"
  }
},
{
  "model": "tutoring.tutoringdailyschedule",
  "pk": 113,
  "fields": {
    "weekday": "Tuesday",
    "subject": "Chemistry",
    "courses": [
      "CHEM 210",
      "CHEM 220",
      "CHEM 231"
    ],
    "time": "10:00 AM - 11:00 AM",
    "location": "ISC"
  }
},
{
  "model": "tutoring.tutoringdailyschedule",
  "pk": 114,
  "fields": {
    "weekday": "Tuesday",
    "subject": "Accounting",
    "courses": [
      "ACTG 121",
      "ACTG 131"
    ],
    "time": "11:30 AM - 02:30 PM",
    "location": "Learning Center"
  }
},
{
  "model": "tutoring.tutoringdailyschedule",
  "pk": 115,
  "fields": {
    "weekday": "Tuesday",
    "subject": "Astronomy",
    "courses": [
      "ASTR 100"
    ],
    "time": "11:30 AM - 02:30 PM",
    "location": "Learning Center"
  }
},
{
  "model": "tutoring.tutoringdailyschedule",
  "pk": 116,
  "fields": {
    "weekday": "Tuesday",
    "subject": "Business",
    "courses": [
      "BUS 103"
    ],
    "time": "11:30 AM - 02:30 PM",
    "location": "Learning Center"
  }
},
{
  "model": "tutoring.tutoringdailyschedule",
  "pk": 117,
  "fields": {
    "weekday": "Tuesday",
    "subject": "Economics",
    "courses": [
      "ECON 100",
      "ECON 102"
    ],
    "time": "11:30 AM - 02:30 PM",
    "location": "Learning Center"
  }
},
{
  "model": "tutoring.tutoringdailyschedule",
  "pk": 118,
  "fields": {
    "weekday": "Tuesday",
    "subject": "Engineering",
    "courses": [
      "ENGR 100",
      "ENGR 215",
      "ENGR 270"
    ],
    "time": "12:00 PM - 02:00 PM",
    "location": "ISC"
  }
},
{
  "model": "tutoring.tutoringdailyschedule",
  "pk": 119,
  "fields": {
    "weekday": "Tuesday",
    "subject": "Math",
    "courses": [
      "MATH (up to 252)"
    ],
    "time": "12:00 PM - 02:00 PM",
    "location": "ISC"
  }
},
{
  "model": "tutoring.tutoringdailyschedule",
  "pk": 120,
  "fields": {
    "weekday": "Tuesday",
    "subject": "Astronomy",
    "courses": [
      "ASTR 100",
      "ASTR 101"
    ],
    "time": "12:30 PM - 02:30 PM",
    "location": "Learning Center"
  }
},
{
  "model": "tutoring.tutoringdailyschedule",
  "pk": 121,
  "fields": {
    "weekday": "Tuesday",
    "subject": "Math",
    "courses": [
      "Stats"
    ],
    "time": "12:30 PM - 02:00 PM",
    "location": "MRC"
  }
},
{
  "model": "tutoring.tutoringdailyschedule",
  "pk": 122,
  "fields": {
    "weekday": "Tuesday",
    "subject": "Psychology",
    "courses": [
      "PSYCH 110"
    ],
    "time": "12:30 PM - 02:30 PM",
    "location": "Learning Center"
  }
},
{
  "model": "tutoring.tutoringdailyschedule",
  "pk": 123,
  "fields": {
    "weekday": "Tuesday",
    "subject": "Spanish",
    "courses": [
      "SPAN 110"
    ],
    "time": "12:30 PM - 02:30 PM",
    "location": "Learning Center"
  }
},
{
  "model": "tutoring.tutoringdailyschedule",
  "pk": 124,
  "fields": {
    "weekday": "Tuesday",
    "subject": "Chemistry",
    "courses": [
      "CHEM 210"
    ],
    "time": "01:00 PM - 03:00 PM",
    "location": "Learning Center"
  }
},
{
  "model": "tutoring.tutoringdailyschedule",
  "pk": 125,
  "fields": {
    "weekday": "Tuesday",
    "subject": "Math",
    "courses": [
      "Math 251",
      "Math 252"
    ],
    "time": "01:00 PM - 03:00 PM",
    "location": "Learning Center"
  }
},
{
  "model": "tutoring.tutoringdailyschedule",
  "pk": 126,
  "fields": {
    "weekday": "Tuesday",
    "subject": "Physics",
    "courses": [
      "PHYS 211",
      "PHYS 250",
      "PHYS 270"
    ],
    "time": "01:00 PM - 03:00 PM",
    "location": "Learning Center"
  }
},
{
  "model": "tutoring.tutoringdailyschedule",
  "pk": 127,
  "fields": {
    "weekday": "Tuesday",
    "subject": "Math",
    "courses": [
      "MATH 225",
      "MATH 251",
      "MATH 252",
      "MATH 253",
      "MATH 270"
    ],
    "time": "02:00 PM - 05:00 PM",
    "location": "ISC"
  }
},
{
  "model": "tutoring.tutoringdailyschedule",
  "pk": 128,
  "fields": {
    "weekday": "Tuesday",
    "subject": "Engineering",
    "courses": [
      "ENGR 210",
      "ENGR 270"
    ],
    "time": "02:00 PM - 05:00 PM",
    "location": "ISC"
  }
},
{
  "model": "tutoring.tutoringdailyschedule",
  "pk": 129,
  "fields": {
    "weekday": "Tuesday",
    "subject": "Chemistry",
    "courses": [
      "CHEM 210",
      "CHEM 220",
      "CHEM 231"
    ],
    "time": "02:00 PM - 03:30 PM",
    "location": "ISC"
  }
},
{
  "model": "tutoring.tutoringdailyschedule",
  "pk": 130,
  "fields": {
    "weekday": "Tuesday",
    "subject": "Biology",
    "courses": [
      "BIOL 100",
      "BIOL 102",
      "BIOL 130",
      "BIOL 225"
    ],
    "time": "02:00 PM - 05:00 PM",
    "location": "ISC"
  }
},
{
  "model": "tutoring.tutoringdailyschedule",
  "pk": 131,
  "fields": {
    "weekday": "Tuesday",
    "subject": "Physics",
    "courses": [
      "PHYS 100",
      "PHYS 210",
      "PHYS 250",
      "PHYS 260",
      "PHYS 270"
    ],
    "time": "02:00 PM - 05:00 PM",
    "location": "ISC"
  }
},
{
  "model": "tutoring.tutoringdailyschedule",
  "pk": 132,
  "fields": {
    "weekday": "Tuesday",
    "subject": "Music",
    "courses": [
      "General Music"
    ],
    "time": "02:00 PM - 04:00 PM",
    "location": "B2 at 240/250"
  }
},
{
  "model": "tutoring.tutoringdailyschedule",
  "pk": 133,
  "fields": {
    "weekday": "Tuesday",
    "subject": "Math",
    "courses": [
      "General Math",
      "Stats"
    ],
    "time": "02:00 PM - 05:00 PM",
    "location": "MRC"
  }
},
{
  "model": "tutoring.tutoringdailyschedule",
  "pk": 134,
  "fields": {
    "weekday": "Tuesday",
    "subject": "Math",
    "courses": [
      "Math 253",
      "Math 275"
    ],
    "time": "02:30 PM - 05:00 PM",
    "location": "Learning Center"
  }
},
{
  "model": "tutoring.tutoringdailyschedule",
  "pk": 135,
  "fields": {
    "weekday": "Tuesday",
    "subject": "Computer Science",
    "courses": [
      "CIS 117",
      "CIS 124",
      "CIS 254",
      "CIS 255",
      "CIS 256",
      "CIS 264"
    ],
    "time": "02:30 PM - 05:00 PM",
    "location": "Learning Center"
  }
},
{
  "model": "tutoring.tutoringdailyschedule",
  "pk": 136,
  "fields": {
    "weekday": "Tuesday",
    "subject": "Physics",
    "courses": [
      "PHYS 250",
      "PHYS 260",
      "PHYS 270"
    ],
    "time": "02:30 PM - 05:00 PM",
    "location": "Learning Center"
  }
},
{
  "model": "tutoring.tutoringdailyschedule",
  "pk": 137,
  "fields": {
    "weekday": "Tuesday",
    "subject": "Chemistry",
    "courses": [
      "CHEM 210",
      "CHEM 220",
      "CHEM 231",
      "CHEM 232"
    ],
    "time": "03:30 PM - 05:00 PM",
    "location": "ISC"
  }
},
{
  "model": "tutoring.tutoringdailyschedule",
  "pk": 138,
  "fields": {
    "weekday": "Tuesday",
    "subject": "Physics",
    "courses": [
      "PHYS (Any)"
    ],
    "time": "03:30 PM - 05:00 PM",
    "location": "ISC"
  }
},
{
  "model": "tutoring.tutoringdailyschedule",
  "pk": 139,
  "fields": {
    "weekday": "Wednesday",
    "subject": "Math",
    "courses": [
      "Stats",
      "General Math"
    ],
    "time": "08:00 AM - 10:00 AM",
    "location": "MRC"
  }
},
{
  "model": "tutoring.tutoringdailyschedule",
  "pk": 140,
  "fields": {
    "weekday": "Wednesday",
    "subject": "Chemistry",
    "courses": [
      "CHEM 210",
      "CHEM 231",
      "CHEM 232"
    ],
    "time": "09:00 AM - 10:00 AM",
    "location": "ISC"
  }
},
{
  "model": "tutoring.tutoringdailyschedule",
  "pk": 141,
  "fields": {
    "weekday": "Wednesday",
    "subject": "Engineering",
    "courses": [
      "ENGR 100",
      "ENGR 210"
    ],
    "time": "09:00 AM - 12:00 PM",
    "location": "ISC"
  }
},
{
  "model": "tutoring.tutoringdailyschedule",
  "pk": 142,
  "fields": {
    "weekday": "Wednesday",
    "subject": "Physics",
    "courses": [
      "PHYS 210"
    ],
    "time": "09:00 AM - 10:00 AM",
    "location": "ISC"
  }
},
{
  "model": "tutoring.tutoringdailyschedule",
  "pk": 143,
  "fields": {
    "weekday": "Wednesday",
    "subject": "Math",
    "courses": [
      "MATH (up to 253)"
    ],
    "time": "09:00 AM - 12:00 PM",
    "location": "ISC"
  }
},
{
  "model": "tutoring.tutoringdailyschedule",
  "pk": 144,
  "fields": {
    "weekday": "Wednesday",
    "subject": "Math",
    "courses": [
      "MATH (up to 252)"
    ],
    "time": "09:00 AM - 10:00 AM",
    "location": "ISC"
  }
},
{
  "model": "tutoring.tutoringdailyschedule",
  "pk": 145,
  "fields": {
    "weekday": "Wednesday",
    "subject": "Biology",
    "courses": [
      "BIOL 220"
    ],
    "time": "09:00 AM - 10:00 AM",
    "location": "ISC"
  }
},
{
  "model": "tutoring.tutoringdailyschedule",
  "pk": 146,
  "fields": {
    "weekday": "Wednesday",
    "subject": "Economics",
    "courses": [
      "ECON 100",
      "ECON 102"
    ],
    "time": "10:00 AM - 01:00 PM",
    "location": "Learning Center"
  }
},
{
  "model": "tutoring.tutoringdailyschedule",
  "pk": 147,
  "fields": {
    "weekday": "Wednesday",
    "subject": "Astronomy",
    "courses": [
      "ASTR 100"
    ],
    "time": "10:00 AM - 01:00 PM",
    "location": "Learning Center"
  }
},
{
  "model": "tutoring.tutoringdailyschedule",
  "pk": 148,
  "fields": {
    "weekday": "Wednesday",
    "subject": "Accounting",
    "courses": [
      "ACTG 121",
      "ACTG 131"
    ],
    "time": "10:00 AM - 01:00 PM",
    "location": "Learning Center"
  }
},
{
  "model": "tutoring.tutoringdailyschedule",
  "pk": 149,
  "fields": {
    "weekday": "Wednesday",
    "subject": "Math",
    "courses": [
      "General Math"
    ],
    "time": "10:00 AM - 01:00 PM",
    "location": "MRC"
  }
},
{
  "model": "tutoring.tutoringdailyschedule",
  "pk": 150,
  "fields": {
    "weekday": "Wednesday",
    "subject": "Business",
    "courses": [
      "BUS 103"
    ],
    "time": "10:00 AM - 01:00 PM",
    "location": "Learning Center"
  }
},
{
  "model": "tutoring.tutoringdailyschedule",
  "pk": 151,
  "fields": {
    "weekday": "Wednesday",
    "subject": "Chemistry",
    "courses": [
      "CHEM 210",
      "CHEM 220",
      "CHEM 231"
    ],
    "time": "11:00 AM - 02:00 PM",
    "location": "ISC"
  }
},
{
  "model": "tutoring.tutoringdailyschedule",
  "pk": 152,
  "fields": {
    "weekday": "Wednesday",
    "subject": "Communications",
    "courses": [
      "COMM 130"
    ],
    "time": "11:30 AM - 02:00 PM",
    "location": "Learning Center"
  }
},
{
  "model": "tutoring.tutoringdailyschedule",
  "pk": 153,
  "fields": {
    "weekday": "Wednesday",
    "subject": "Math",
    "courses": [
      "MATH 145"
    ],
    "time": "12:30 PM - 03:00 PM",
    "location": "Learning Center"
  }
},
{
  "model": "tutoring.tutoringdailyschedule",
  "pk": 154,
  "fields": {
    "weekday": "Wednesday",
    "subject": "Communications",
    "courses": [
      "COMM 130"
    ],
    "time": "12:30 PM - 03:00 PM",
    "location": "Learning Center"
  }
},
{
  "model": "tutoring.tutoringdailyschedule",
  "pk": 155,
  "fields": {
    "weekday": "Wednesday",
    "subject": "Psychology",
    "courses": [
      "PSYCH 110"
    ],
    "time": "01:00 PM - 03:00 PM",
    "location": "Learning Center"
  }
},
{
  "model": "tutoring.tutoringdailyschedule",
  "pk": 156,
  "fields": {
    "weekday": "Wednesday",
    "subject": "Astronomy",
    "courses": [
      "ASTR 100",
      "ASTR 101"
    ],
    "time": "01:00 PM - 03:00 PM",
    "location": "Learning Center"
  }
},
{
  "model": "tutoring.tutoringdailyschedule",
  "pk": 157,
  "fields": {
    "weekday": "Wednesday",
    "subject": "Computer Science",
    "courses": [
      "CIS 110",
      "CIS 117",
      "CIS 124",
      "CIS 254",
      "CIS 255"
    ],
    "time": "01:00 PM - 03:00 PM",
    "location": "Learning Center"
  }
},
{
  "model": "tutoring.tutoringdailyschedule",
  "pk": 158,
  "fields": {
    "weekday": "Wednesday",
    "subject": "Spanish",
    "courses": [
      "SPAN 110"
    ],
    "time": "01:00 PM - 03:00 PM",
    "location": "Learning Center"
  }
},
{
  "model": "tutoring.tutoringdailyschedule",
  "pk": 159,
  "fields": {
    "weekday": "Wednesday",
    "subject": "Math",
    "courses": [
      [
        "General Math",
        "Stats"
      ]
    ],
    "time": "01:00 PM - 03:00 PM",
    "location": "Learning Center"
  }
},
{
  "model": "tutoring.tutoringdailyschedule",
  "pk": 160,
  "fields": {
    "weekday": "Wednesday",
    "subject": "Physics",
    "courses": [
      "PHYS (Any)"
    ],
    "time": "01:00 PM - 03:00 PM",
    "location": "Learning Center"
  }
},
{
  "model": "tutoring.tutoringdailyschedule",
  "pk": 161,
  "fields": {
    "weekday": "Wednesday",
    "subject": "Math",
    "courses": [
      "General Math",
      "Stats"
    ],
    "time": "01:00 PM - 02:00 PM",
    "location": "MRC"
  }
},
{
  "model": "tutoring.tutoringdailyschedule",
  "pk": 162,
  "fields": {
    "weekday": "Wednesday",
    "subject": "Music",
    "courses": [
      "General Music"
    ],
    "time": "02:00 PM - 04:00 PM",
    "location": "B2 at 240/250"
  }
},
{
  "model": "tutoring.tutoringdailyschedule",
  "pk": 163,
  "fields": {
    "weekday": "Wednesday",
    "subject": "Math",
    "courses": [
      "Stats"
    ],
    "time": "02:00 PM - 03:00 PM",
    "location": "MRC"
  }
},
{
  "model": "tutoring.tutoringdailyschedule",
  "pk": 164,
  "fields": {
    "weekday": "Wednesday",
    "subject": "Biology",
    "courses": [
      "BIOL 210",
      "BIOL 230"
    ],
    "time": "02:00 PM - 05:00 PM",
    "location": "ISC"
  }
},
{
  "model": "tutoring.tutoringdailyschedule",
  "pk": 165,
  "fields": {
    "weekday": "Wednesday",
    "subject": "Chemistry",
    "courses": [
      "CHEM (Any)"
    ],
    "time": "02:00 PM - 05:00 PM",
    "location": "ISC"
  }
},
{
  "model": "tutoring.tutoringdailyschedule",
  "pk": 166,
  "fields": {
    "weekday": "Wednesday",
    "subject": "Physics",
    "courses": [
      "PHYS 210",
      "PHYS 250"
    ],
    "time": "02:00 PM - 05:00 PM",
    "location": "ISC"
  }
},
{
  "model": "tutoring.tutoringdailyschedule",
  "pk": 167,
  "fields": {
    "weekday": "Wednesday",
    "subject": "Math",
    "courses": [
      "Math 253",
      "Math 275"
    ],
    "time": "02:30 PM - 05:00 PM",
    "location": "Learning Center"
  }
},
{
  "model": "tutoring.tutoringdailyschedule",
  "pk": 168,
  "fields": {
    "weekday": "Wednesday",
    "subject": "Physics",
    "courses": [
      "PHYS 250",
      "PHYS 260",
      "PHYS 270"
    ],
    "time": "02:30 PM - 05:00 PM",
    "location": "Learning Center"
  }
},
{
  "model": "tutoring.tutoringdailyschedule",
  "pk": 169,
  "fields": {
    "weekday": "Wednesday",
    "subject": "Computer Science",
    "courses": [
      "CIS 117",
      "CIS 124",
      "CIS 254",
      "CIS 255",
      "CIS 256",
      "CIS 264"
    ],
    "time": "02:30 PM - 05:00 PM",
    "location": "Learning Center"
  }
},
{
  "model": "tutoring.tutoringdailyschedule",
  "pk": 170,
  "fields": {
    "weekday": "Wednesday",
    "subject": "Biology",
    "courses": [
      "BIOL 130",
      "BIOL 240",
      "BIOL 250",
      "BIOL 260"
    ],
    "time": "03:00 PM - 06:00 PM",
    "location": "Learning Center"
  }
},
{
  "model": "tutoring.tutoringdailyschedule",
  "pk": 171,
  "fields": {
    "weekday": "Wednesday",
    "subject": "Math",
    "courses": [
      "Stats",
      "General Math"
    ],
    "time": "03:00 PM - 05:00 PM",
    "location": "MRC"
  }
},
{
  "model": "tutoring.tutoringdailyschedule",
  "pk": 172,
  "fields": {
    "weekday": "Thursday",
    "subject": "Math",
    "courses": [
      "Stats",
      "General Math"
    ],
    "time": "08:00 AM - 10:00 AM",
    "location": "MRC"
  }
},
{
  "model": "tutoring.tutoringdailyschedule",
  "pk": 173,
  "fields": {
    "weekday": "Thursday",
    "subject": "Physics",
    "courses": [
      "PHYS 250",
      "PHYS 270"
    ],
    "time": "09:00 AM - 12:00 PM",
    "location": "ISC"
  }
},
{
  "model": "tutoring.tutoringdailyschedule",
  "pk": 174,
  "fields": {
    "weekday": "Thursday",
    "subject": "Math",
    "courses": [
      "MATH 251",
      "MATH 252",
      "MATH 253",
      "MATH 270",
      "MATH 275",
      "MATH 268"
    ],
    "time": "09:00 AM - 12:00 PM",
    "location": "ISC"
  }
},
{
  "model": "tutoring.tutoringdailyschedule",
  "pk": 175,
  "fields": {
    "weekday": "Thursday",
    "subject": "Communications",
    "courses": [
      "COMM 130"
    ],
    "time": "09:00 AM - 10:30 AM",
    "location": "Learning Center"
  }
},
{
  "model": "tutoring.tutoringdailyschedule",
  "pk": 176,
  "fields": {
    "weekday": "Thursday",
    "subject": "Computer Science",
    "courses": [
      "CIS 117",
      "CIS 254",
      "CIS 255"
    ],
    "time": "09:00 AM - 12:00 PM",
    "location": "Learning Center"
  }
},
{
  "model": "tutoring.tutoringdailyschedule",
  "pk": 177,
  "fields": {
    "weekday": "Thursday",
    "subject": "Engineering",
    "courses": [
      "ENGR 100",
      "ENGR 210"
    ],
    "time": "09:00 AM - 12:00 PM",
    "location": "ISC"
  }
},
{
  "model": "tutoring.tutoringdailyschedule",
  "pk": 178,
  "fields": {
    "weekday": "Thursday",
    "subject": "Physics",
    "courses": [
      "PHYS 250",
      "PHYS 260"
    ],
    "time": "09:00 AM - 12:00 PM",
    "location": "Learning Center"
  }
},
{
  "model": "tutoring.tutoringdailyschedule",
  "pk": 179,
  "fields": {
    "weekday": "Thursday",
    "subject": "Math",
    "courses": [
      "Math 251",
      "Math 252",
      "Math 275"
    ],
    "time": "09:00 AM - 12:00 PM",
    "location": "Learning Center"
  }
},
{
  "model": "tutoring.tutoringdailyschedule",
  "pk": 180,
  "fields": {
    "weekday": "Thursday",
    "subject": "Math",
    "courses": [
      "General Math"
    ],
    "time": "10:00 AM - 11:00 AM",
    "location": "MRC"
  }
},
{
  "model": "tutoring.tutoringdailyschedule",
  "pk": 181,
  "fields": {
    "weekday": "Thursday",
    "subject": "Physics",
    "courses": [
      "PHYS 250",
      "PHYS 260",
      "PHYS 270"
    ],
    "time": "10:00 AM - 12:00 PM",
    "location": "Learning Center"
  }
},
{
  "model": "tutoring.tutoringdailyschedule",
  "pk": 182,
  "fields": {
    "weekday": "Thursday",
    "subject": "Math",
    "courses": [
      "Math 253",
      "Math 275"
    ],
    "time": "10:00 AM - 12:00 PM",
    "location": "Learning Center"
  }
},
{
  "model": "tutoring.tutoringdailyschedule",
  "pk": 183,
  "fields": {
    "weekday": "Thursday",
    "subject": "Computer Science",
    "courses": [
      "CIS 117",
      "CIS 124",
      "CIS 254",
      "CIS 255",
      "CIS 256",
      "CIS 264"
    ],
    "time": "10:00 AM - 12:00 PM",
    "location": "Learning Center"
  }
},
{
  "model": "tutoring.tutoringdailyschedule",
  "pk": 184,
  "fields": {
    "weekday": "Thursday",
    "subject": "Chemistry",
    "courses": [
      "CHEM 210",
      "CHEM 220",
      "CHEM 231"
    ],
    "time": "10:00 AM - 11:00 AM",
    "location": "ISC"
  }
},
{
  "model": "tutoring.tutoringdailyschedule",
  "pk": 185,
  "fields": {
    "weekday": "Thursday",
    "subject": "Astronomy",
    "courses": [
      "ASTR 100"
    ],
    "time": "11:30 AM - 02:30 PM",
    "location": "Learning Center"
  }
},
{
  "model": "tutoring.tutoringdailyschedule",
  "pk": 186,
  "fields": {
    "weekday": "Thursday",
    "subject": "Business",
    "courses": [
      "BUS 103"
    ],
    "time": "11:30 AM - 02:30 PM",
    "location": "Learning Center"
  }
},
{
  "model": "tutoring.tutoringdailyschedule",
  "pk": 187,
  "fields": {
    "weekday": "Thursday",
    "subject": "Economics",
    "courses": [
      "ECON 100",
      "ECON 102"
    ],
    "time": "11:30 AM - 02:30 PM",
    "location": "Learning Center"
  }
},
{
  "model": "tutoring.tutoringdailyschedule",
  "pk": 188,
  "fields": {
    "weekday": "Thursday",
    "subject": "Accounting",
    "courses": [
      "ACTG 121",
      "ACTG 131"
    ],
    "time": "11:30 AM - 02:30 PM",
    "location": "Learning Center"
  }
},
{
  "model": "tutoring.tutoringdailyschedule",
  "pk": 189,
  "fields": {
    "weekday": "Thursday",
    "subject": "Math",
    "courses": [
      "MATH (up to 252)"
    ],
    "time": "12:00 PM - 02:00 PM",
    "location": "ISC"
  }
},
{
  "model": "tutoring.tutoringdailyschedule",
  "pk": 190,
  "fields": {
    "weekday": "Thursday",
    "subject": "Engineering",
    "courses": [
      "ENGR 100",
      "ENGR 215",
      "ENGR 270"
    ],
    "time": "12:25 PM - 02:25 PM",
    "location": "ISC"
  }
},
{
  "model": "tutoring.tutoringdailyschedule",
  "pk": 191,
  "fields": {
    "weekday": "Thursday",
    "subject": "Math",
    "courses": [
      "Stats"
    ],
    "time": "12:30 PM - 02:00 PM",
    "location": "MRC"
  }
},
{
  "model": "tutoring.tutoringdailyschedule",
  "pk": 192,
  "fields": {
    "weekday": "Thursday",
    "subject": "Math",
    "courses": [
      "Math 251",
      "Math 252"
    ],
    "time": "01:00 PM - 04:00 PM",
    "location": "Learning Center"
  }
},
{
  "model": "tutoring.tutoringdailyschedule",
  "pk": 193,
  "fields": {
    "weekday": "Thursday",
    "subject": "Chemistry",
    "courses": [
      "CHEM 210"
    ],
    "time": "01:00 PM - 04:00 PM",
    "location": "Learning Center"
  }
},
{
  "model": "tutoring.tutoringdailyschedule",
  "pk": 194,
  "fields": {
    "weekday": "Thursday",
    "subject": "Physics",
    "courses": [
      "PHYS 211",
      "PHYS 250",
      "PHYS 270"
    ],
    "time": "01:00 PM - 04:00 PM",
    "location": "Learning Center"
  }
},
{
  "model": "tutoring.tutoringdailyschedule",
  "pk": 195,
  "fields": {
    "weekday": "Thursday",
    "subject": "Engineering",
    "courses": [
      "ENGR 210",
      "ENGR 270"
    ],
    "time": "02:00 PM - 05:00 PM",
    "location": "ISC"
  }
},
{
  "model": "tutoring.tutoringdailyschedule",
  "pk": 196,
  "fields": {
    "weekday": "Thursday",
    "subject": "Chemistry",
    "courses": [
      "CHEM 210",
      "CHEM 220",
      "CHEM 231"
    ],
    "time": "02:00 PM - 03:30 PM",
    "location": "ISC"
  }
},
{
  "model": "tutoring.tutoringdailyschedule",
  "pk": 197,
  "fields": {
    "weekday": "Thursday",
    "subject": "Biology",
    "courses": [
      "BIOL 100",
      "BIOL 102",
      "BIOL 130",
      "BIOL 225"
    ],
    "time": "02:00 PM - 05:00 PM",
    "location": "ISC"
  }
},
{
  "model": "tutoring.tutoringdailyschedule",
  "pk": 198,
  "fields": {
    "weekday": "Thursday",
    "subject": "Math",
    "courses": [
      "MATH 225",
      "MATH 251",
      "MATH 252",
      "MATH 253",
      "MATH 270"
    ],
    "time": "02:00 PM - 05:00 PM",
    "location": "ISC"
  }
},
{
  "model": "tutoring.tutoringdailyschedule",
  "pk": 199,
  "fields": {
    "weekday": "Thursday",
    "subject": "Astronomy",
    "courses": [
      "ASTR 100",
      "ASTR 101"
    ],
    "time": "02:00 PM - 04:00 PM",
    "location": "Learning Center"
  }
},
{
  "model": "tutoring.tutoringdailyschedule",
  "pk": 200,
  "fields": {
    "weekday": "Thursday",
    "subject": "Spanish",
    "courses": [
      "SPAN 110"
    ],
    "time": "02:00 PM - 04:00 PM",
    "location": "Learning Center"
  }
},
{
  "model": "tutoring.tutoringdailyschedule",
  "pk": 201,
  "fields": {
    "weekday": "Thursday",
    "subject": "Music",
    "courses": [
      "General Music"
    ],
    "time": "02:00 PM - 04:00 PM",
    "location": "B2 at 240/250"
  }
},
{
  "model": "tutoring.tutoringdailyschedule",
  "pk": 202,
  "fields": {
    "weekday": "Thursday",
    "subject": "Math",
    "courses": [
      "Math 200"
    ],
    "time": "02:00 PM - 04:00 PM",
    "location": "Learning Center"
  }
},
{
  "model": "tutoring.tutoringdailyschedule",
  "pk": 203,
  "fields": {
    "weekday": "Thursday",
    "subject": "Physics",
    "courses": [
      "PHYS 100",
      "PHYS 210",
      "PHYS 250",
      "PHYS 260",
      "PHYS 270"
    ],
    "time": "02:00 PM - 05:00 PM",
    "location": "ISC"
  }
},
{
  "model": "tutoring.tutoringdailyschedule",
  "pk": 204,
  "fields": {
    "weekday": "Thursday",
    "subject": "Psychology",
    "courses": [
      "PSYCH 110"
    ],
    "time": "02:00 PM - 04:00 PM",
    "location": "Learning Center"
  }
},
{
  "model": "tutoring.tutoringdailyschedule",
  "pk": 205,
  "fields": {
    "weekday": "Thursday",
    "subject": "Math",
    "courses": [
      "General Math"
    ],
    "time": "02:00 PM - 05:00 PM",
    "location": "MRC"
  }
},
{
  "model": "tutoring.tutoringdailyschedule",
  "pk": 206,
  "fields": {
    "weekday": "Thursday",
    "subject": "Biology",
    "courses": [
      "BIOL 130",
      "BIOL 240",
      "BIOL 250",
      "BIOL 260"
    ],
    "time": "02:30 PM - 06:00 PM",
    "location": "Learning Center"
  }
},
{
  "model": "tutoring.tutoringdailyschedule",
  "pk": 207,
  "fields": {
    "weekday": "Thursday",
    "subject": "Economics",
    "courses": [
      "ECON 100",
      "ECON 102"
    ],
    "time": "03:30 PM - 05:30 PM",
    "location": "Learning Center"
  }
},
{
  "model": "tutoring.tutoringdailyschedule",
  "pk": 208,
  "fields": {
    "weekday": "Thursday",
    "subject": "Business",
    "courses": [
      "BUS 123"
    ],
    "time": "03:30 PM - 05:30 PM",
    "location": "Learning Center"
  }
},
{
  "model": "tutoring.tutoringdailyschedule",
  "pk": 209,
  "fields": {
    "weekday": "Thursday",
    "subject": "Accounting",
    "courses": [
      "ACTG 100",
      "ACTG 121",
      "ACTG 131"
    ],
    "time": "03:30 PM - 05:30 PM",
    "location": "Learning Center"
  }
},
{
  "model": "tutoring.tutoringdailyschedule",
  "pk": 210,
  "fields": {
    "weekday": "Thursday",
    "subject": "Physics",
    "courses": [
      "PHYS (Any)"
    ],
    "time": "03:30 PM - 05:00 PM",
    "location": "ISC"
  }
},
{
  "model": "tutoring.tutoringdailyschedule",
  "pk": 211,
  "fields": {
    "weekday": "Friday",
    "subject": "Math",
    "courses": [
      "General Math"
    ],
    "time": "08:00 AM - 11:00 AM",
    "location": "MRC"
  }
},
{
  "model": "tutoring.tutoringdailyschedule",
  "pk": 212,
  "fields": {
    "weekday": "Friday",
    "subject": "Math",
    "courses": [
      "MATH (up to 252)"
    ],
    "time": "09:00 AM - 01:00 PM",
    "location": "ISC"
  }
},
{
  "model": "tutoring.tutoringdailyschedule",
  "pk": 213,
  "fields": {
    "weekday": "Friday",
    "subject": "Math",
    "courses": [
      "MATH (up to 253)"
    ],
    "time": "09:00 AM - 11:00 AM",
    "location": "ISC"
  }
},
{
  "model": "tutoring.tutoringdailyschedule",
  "pk": 214,
  "fields": {
    "weekday": "Friday",
    "subject": "Physics",
    "courses": [
      "PHYS 210"
    ],
    "time": "09:00 AM - 01:00 PM",
    "location": "ISC"
  }
},
{
  "model": "tutoring.tutoringdailyschedule",
  "pk": 215,
  "fields": {
    "weekday": "Friday",
    "subject": "Biology",
    "courses": [
      "BIOL 220"
    ],
    "time": "09:00 AM - 01:00 PM",
    "location": "ISC"
  }
},
{
  "model": "tutoring.tutoringdailyschedule",
  "pk": 216,
  "fields": {
    "weekday": "Friday",
    "subject": "Chemistry",
    "courses": [
      "CHEM 210",
      "CHEM 231",
      "CHEM 232"
    ],
    "time": "09:00 AM - 01:00 PM",
    "location": "ISC"
  }
},
{
  "model": "tutoring.tutoringdailyschedule",
  "pk": 217,
  "fields": {
    "weekday": "Friday",
    "subject": "Economics",
    "courses": [
      "ECON 100",
      "ECON 102"
    ],
    "time": "09:00 AM - 12:30 PM",
    "location": "Learning Center"
  }
},
{
  "model": "tutoring.tutoringdailyschedule",
  "pk": 218,
  "fields": {
    "weekday": "Friday",
    "subject": "Business",
    "courses": [
      "BUS 123"
    ],
    "time": "09:00 AM - 12:30 PM",
    "location": "Learning Center"
  }
},
{
  "model": "tutoring.tutoringdailyschedule",
  "pk": 219,
  "fields": {
    "weekday": "Friday",
    "subject": "Accounting",
    "courses": [
      "ACTG 100",
      "ACTG 121",
      "ACTG 131"
    ],
    "time": "09:00 AM - 12:30 PM",
    "location": "Learning Center"
  }
},
{
  "model": "tutoring.tutoringdailyschedule",
  "pk": 220,
  "fields": {
    "weekday": "Friday",
    "subject": "Math",
    "courses": [
      "MATH 145"
    ],
    "time": "09:30 AM - 12:00 PM",
    "location": "Learning Center"
  }
},
{
  "model": "tutoring.tutoringdailyschedule",
  "pk": 221,
  "fields": {
    "weekday": "Friday",
    "subject": "Communications",
    "courses": [
      "COMM 130"
    ],
    "time": "09:30 AM - 12:00 PM",
    "location": "Learning Center"
  }
},
{
  "model": "tutoring.tutoringdailyschedule",
  "pk": 222,
  "fields": {
    "weekday": "Friday",
    "subject": "Physics",
    "courses": [
      "PHYS 210",
      "PHYS 250"
    ],
    "time": "10:00 AM - 01:00 PM",
    "location": "ISC"
  }
},
{
  "model": "tutoring.tutoringdailyschedule",
  "pk": 223,
  "fields": {
    "weekday": "Friday",
    "subject": "Chemistry",
    "courses": [
      "CHEM (Any)"
    ],
    "time": "10:00 AM - 01:00 PM",
    "location": "ISC"
  }
},
{
  "model": "tutoring.tutoringdailyschedule",
  "pk": 224,
  "fields": {
    "weekday": "Friday",
    "subject": "Biology",
    "courses": [
      "BIOL 210",
      "BIOL 230"
    ],
    "time": "10:00 AM - 01:00 PM",
    "location": "ISC"
  }
},
{
  "model": "tutoring.tutoringdailyschedule",
  "pk": 225,
  "fields": {
    "weekday": "Friday",
    "subject": "Computer Science",
    "courses": [
      "CIS 117",
      "CIS 254",
      "CIS 255"
    ],
    "time": "10:30 AM - 12:30 PM",
    "location": "Learning Center"
  }
},
{
  "model": "tutoring.tutoringdailyschedule",
  "pk": 226,
  "fields": {
    "weekday": "Friday",
    "subject": "Math",
    "courses": [
      "Math 251",
      "Math 252",
      "Math 275"
    ],
    "time": "10:30 AM - 12:30 PM",
    "location": "Learning Center"
  }
},
{
  "model": "tutoring.tutoringdailyschedule",
  "pk": 227,
  "fields": {
    "weekday": "Friday",
    "subject": "Physics",
    "courses": [
      "PHYS 250",
      "PHYS 260"
    ],
    "time": "10:30 AM - 12:30 PM",
    "location": "Learning Center"
  }
},
{
  "model": "tutoring.tutoringdailyschedule",
  "pk": 228,
  "fields": {
    "weekday": "Friday",
    "subject": "Engineering",
    "courses": [
      "ENGR 100"
    ],
    "time": "11:00 AM - 01:00 PM",
    "location": "ISC"
  }
},
{
  "model": "tutoring.tutoringdailyschedule",
  "pk": 229,
  "fields": {
    "weekday": "Friday",
    "subject": "Engineering",
    "courses": [
      "ENGR 100",
      "ENGR 210"
    ],
    "time": "11:00 AM - 01:00 PM",
    "location": "ISC"
  }
},
{
  "model": "tutoring.tutoringdailyschedule",
  "pk": 230,
  "fields": {
    "weekday": "Friday",
    "subject": "Math",
    "courses": [
      "MATH 251",
      "MATH 252",
      "MATH 253",
      "MATH 270",
      "MATH 275",
      "MATH 268"
    ],
    "time": "11:00 AM - 01:00 PM",
    "location": "ISC"
  }
},
{
  "model": "tutoring.tutoringdailyschedule",
  "pk": 231,
  "fields": {
    "weekday": "Friday",
    "subject": "Engineering",
    "courses": [
      "ENGR 100",
      "ENGR 215",
      "ENGR 270"
    ],
    "time": "11:00 AM - 01:00 PM",
    "location": "ISC"
  }
},
{
  "model": "tutoring.tutoringdailyschedule",
  "pk": 232,
  "fields": {
    "weekday": "Friday",
    "subject": "Physics",
    "courses": [
      "PHYS 250",
      "PHYS 270"
    ],
    "time": "11:00 AM - 01:00 PM",
    "location": "ISC"
  }
},
{
  "model": "tutoring.tutoringdailyschedule",
  "pk": 233,
  "fields": {
    "weekday": "Friday",
    "subject": "Math",
    "courses": [
      "MATH (up to 252)"
    ],
    "time": "11:00 AM - 01:00 PM",
    "location": "ISC"
  }
},
{
  "model": "tutoring.tutoringdailyschedule",
  "pk": 234,
  "fields": {
    "weekday": "Friday",
    "subject": "Math",
    "courses": [
      "Stats"
    ],
    "time": "11:00 AM - 01:00 PM",
    "location": "MRC"
  }
},
{
  "model": "tutoring.tutoringdailyschedule",
  "pk": 235,
  "fields": {
    "weekday": "Friday",
    "subject": "Math",
    "courses": [
      [
        "General Math",
        "Stats"
      ]
    ],
    "time": "11:30 AM - 02:30 PM",
    "location": "Learning Center"
  }
},
{
  "model": "tutoring.tutoringdailyschedule",
  "pk": 236,
  "fields": {
    "weekday": "Friday",
    "subject": "Physics",
    "courses": [
      "PHYS (Any)"
    ],
    "time": "11:30 AM - 02:30 PM",
    "location": "Learning Center"
  }
},
{
  "model": "tutoring.tutoringdailyschedule",
  "pk": 237,
  "fields": {
    "weekday": "Friday",
    "subject": "Computer Science",
    "courses": [
      "CIS 110",
      "CIS 117",
      "CIS 124",
      "CIS 254",
      "CIS 255"
    ],
    "time": "11:30 AM - 02:30 PM",
    "location": "Learning Center"
  }
},
{
  "model": "tutoring.tutoringdailyschedule",
  "pk": 238,
  "fields": {
    "weekday": "Friday",
    "subject": "Physics",
    "courses": [
      "PHYS 211",
      "PHYS 250",
      "PHYS 270"
    ],
    "time": "12:30 PM - 02:30 PM",
    "location": "Learning Center"
  }
},
{
  "model": "tutoring.tutoringdailyschedule",
  "pk": 239,
  "fields": {
    "weekday": "Friday",
    "subject": "Math",
    "courses": [
      "Math 251",
      "Math 252"
    ],
    "time": "12:30 PM - 02:30 PM",
    "location": "Learning Center"
  }
},
{
  "model": "tutoring.tutoringdailyschedule",
  "pk": 240,
  "fields": {
    "weekday": "Friday",
    "subject": "Chemistry",
    "courses": [
      "CHEM 210"
    ],
    "time": "12:30 PM - 02:30 PM",
    "location": "Learning Center"
  }
},
{
  "model": "tutoring.tutoringdailyschedule",
  "pk": 241,
  "fields": {
    "weekday": "Friday",
    "subject": "Economics",
    "courses": [
      "ECON 100",
      "ECON 102"
    ],
    "time": "01:00 PM - 02:30 PM",
    "location": "Learning Center"
  }
},
{
  "model": "tutoring.tutoringdailyschedule",
  "pk": 242,
  "fields": {
    "weekday": "Friday",
    "subject": "Accounting",
    "courses": [
      "ACTG 100",
      "ACTG 121",
      "ACTG 131"
    ],
    "time": "01:00 PM - 02:30 PM",
    "location": "Learning Center"
  }
},
{
  "model": "tutoring.tutoringdailyschedule",
  "pk": 243,
  "fields": {
    "weekday": "Friday",
    "subject": "Business",
    "courses": [
      "BUS 123"
    ],
    "time": "01:00 PM - 02:30 PM",
    "location": "Learning Center"
  }
}
]
